SN,INTTIME(LU),SAMPLE(DELAY),LU(306.69),LU(310.00),LU(313.31),LU(316.62),LU(319.93),LU(323.22),LU(326.53),LU(329.84),LU(333.19),LU(336.49),LU(339.81),LU(343.10),LU(346.39),LU(349.69),LU(353.01),LU(356.32),LU(359.63),LU(362.94),LU(366.24),LU(369.54),LU(372.87),LU(376.20),LU(379.52),LU(382.84),LU(386.15),LU(389.47),LU(392.79),LU(396.12),LU(399.46),LU(402.79),LU(406.11),LU(409.43),LU(412.76),LU(416.09),LU(419.42),LU(422.74),LU(426.04),LU(429.35),LU(432.67),LU(435.99),LU(439.33),LU(442.66),LU(445.98),LU(449.31),LU(452.65),LU(456.00),LU(459.35),LU(462.69),LU(466.02),LU(469.36),LU(472.69),LU(476.04),LU(479.39),LU(482.73),LU(486.06),LU(489.39),LU(492.74),LU(496.09),LU(499.44),LU(502.78),LU(506.11),LU(509.44),LU(512.79),LU(516.13),LU(519.48),LU(522.82),LU(526.15),LU(529.49),LU(532.84),LU(536.20),LU(539.55),LU(542.89),LU(546.22),LU(549.54),LU(552.87),LU(556.21),LU(559.55),LU(562.88),LU(566.21),LU(569.55),LU(572.90),LU(576.26),LU(579.62),LU(582.97),LU(586.27),LU(589.47),LU(592.62),LU(595.69),LU(598.73),LU(601.77),LU(604.87),LU(608.02),LU(611.30),LU(614.67),LU(618.14),LU(621.70),LU(625.29),LU(628.86),LU(632.40),LU(635.92),LU(639.34),LU(642.73),LU(646.10),LU(649.46),LU(652.82),LU(656.18),LU(659.53),LU(662.86),LU(666.18),LU(669.50),LU(672.83),LU(676.16),LU(679.49),LU(682.81),LU(686.13),LU(689.45),LU(692.77),LU(696.10),LU(699.42),LU(702.73),LU(706.03),LU(709.34),LU(712.66),LU(715.97),LU(719.28),LU(722.59),LU(725.89),LU(729.19),LU(732.50),LU(735.81),LU(739.12),LU(742.42),LU(745.72),LU(749.02),LU(752.32),LU(755.62),LU(758.93),LU(762.23),LU(765.51),LU(768.80),LU(772.08),LU(775.38),LU(778.68),LU(781.97),LU(785.25),LU(788.54),LU(791.83),LU(795.13),LU(798.42),LU(801.71),LU(804.98),LU(808.25),LU(811.53),LU(814.82),LU(818.10),LU(821.38),LU(824.66),LU(827.94),LU(831.23),LU(834.52),LU(837.82),LU(841.09),LU(844.37),LU(847.63),LU(850.90),LU(854.17),LU(857.44),LU(860.70),LU(863.96),LU(867.22),LU(870.47),LU(873.74),LU(877.01),LU(880.27),LU(883.53),LU(886.80),LU(890.07),LU(893.34),LU(896.62),LU(899.90),LU(903.19),LU(906.47),LU(909.75),LU(913.03),LU(916.30),LU(919.58),LU(922.83),LU(926.09),LU(929.34),LU(932.59),LU(935.84),LU(939.09),LU(942.34),LU(945.58),LU(948.83),LU(952.07),LU(955.31),LU(958.55),LU(961.79),LU(965.03),LU(968.27),LU(971.50),LU(974.74),LU(977.97),LU(981.20),LU(984.43),LU(987.66),LU(990.89),LU(994.11),LU(997.34),LU(1000.56),LU(1003.78),LU(1007.00),LU(1010.22),LU(1013.43),LU(1016.65),LU(1019.86),LU(1023.07),LU(1026.28),LU(1029.49),LU(1032.70),LU(1035.90),LU(1039.11),LU(1042.31),LU(1045.51),LU(1048.71),LU(1051.91),LU(1055.10),LU(1058.30),LU(1061.49),LU(1064.68),LU(1067.87),LU(1071.06),LU(1074.24),LU(1077.43),LU(1080.61),LU(1083.79),LU(1086.97),LU(1090.15),LU(1093.32),LU(1096.49),LU(1099.67),LU(1102.84),LU(1106.00),LU(1109.17),LU(1112.34),LU(1115.50),LU(1118.66),LU(1121.82),LU(1124.98),LU(1128.13),LU(1131.28),LU(1134.44),LU(1137.59),LU(1140.73),DARK_SAMP(LU),DARK_AVE(LU),SPECTEMP,FRAME(COUNTER),TIMER,CHECK(SUM),DATETAG,TIMETAG2
180,0.016,0,2.21299886,1.358232012,0.757347823,0.58802672,0.501713417,0.431964088,0.405665565,0.352857587,0.325849154,0.301057816,0.247085764,0.222451129,0.203800464,0.189730053,0.168773788,0.155778242,0.139525462,0.165357663,0.154319068,0.16284618,0.176905425,0.178073321,0.194265406,0.191019153,0.180857311,0.175996116,0.170052662,0.165606394,0.162655671,0.160189018,0.155439095,0.150648546,0.136627879,0.125999377,0.124589724,0.116345606,0.108255805,0.106790642,0.103784797,0.104812372,0.103292506,0.109498216,0.109947776,0.102505982,0.108673259,0.113906479,0.112266909,0.118211986,0.121183511,0.117285616,0.123340871,0.120491995,0.119700065,0.121014049,0.121328802,0.127177008,0.138102752,0.116319016,0.127281888,0.133116116,0.123256204,0.123451175,0.122595106,0.124127877,0.121560815,0.122069579,0.11877808,0.123489433,0.113515056,0.117932398,0.107398969,0.108202775,0.101772983,0.102913093,0.104725137,0.10805992,0.10095484,0.101862915,0.10852277,0.100068299,0.108364109,0.11451978,0.11961944,0.125648437,0.13943232,0.140967627,0.147243315,0.145584069,0.13295239,0.141794465,0.130421266,0.155170597,0.152334764,0.156353386,0.165686068,0.167950841,0.162679676,0.173458688,0.177312537,0.169920935,0.172464026,0.1683023,0.163817609,0.190300358,0.187151939,0.180442679,0.188510008,0.200169652,0.201917882,0.199811509,0.210256105,0.202557988,0.188564914,0.207151042,0.199112068,0.197878613,0.21051408,0.211078054,0.216297881,0.213944991,0.202942497,0.197666185,0.202759058,0.204029085,0.216049526,0.216620325,0.220933186,0.22685195,0.232705391,0.241645966,0.233731628,0.22852677,0.238615936,0.235776113,0.258270505,0.248757408,0.241836485,0.26712411,0.265219665,0.272223096,0.264168521,0.283824433,0.291941497,0.291605858,0.296354816,0.321013517,0.320548752,0.317508622,0.329194644,0.356630581,0.381197394,0.37110125,0.396298056,0.400540567,0.401899388,0.438136783,0.464661758,0.510313896,0.461458595,0.511722424,0.520340825,0.552424192,0.548805621,0.51319934,0.480649184,0.554746418,0.570737066,0.612367766,0.683605221,0.675963733,0.776597414,0.81014046,0.771228817,0.806474738,0.815086135,0.838282199,0.896112916,0.871924505,0.953270856,1.014246058,1.039087995,1.071238376,1.109477926,1.107388741,1.205003461,1.206169377,1.322217973,1.344664109,1.388272154,1.390704893,1.491524902,1.509027859,1.547919555,1.570026133,1.58447844,1.846588349,1.952396646,2.083141845,2.125311477,2.119891504,2.413013421,2.5577324,2.683017893,2.768022071,2.944867068,3.114153269,3.227518784,3.598586819,3.941375443,4.250127958,4.392326625,5.076347431,5.098761432,5.388324581,5.788420496,6.286805149,6.804576726,7.848858451,7.949953446,9.51073393,9.863586016,11.39968113,12.76812503,13.60053094,13.83042703,16.34876179,16.93963132,19.39698601,21.92025128,24.0433454,25.55749054,27.9053439,32.70019358,34.65004576,39.50662637,42.27268565,49.69872014,54.12535272,62.70713292,66.36354099,74.49553664,83.22942298,92.9016,98.55235891,99.85275494,117.2917458,113.2230335,119.1130107,93.80403514,86.60150554,73.28288656,79.21845914,114.2930123,231.255519,181.1328483,15,0,42.69,194,405.64,0,2021-208,07:47.9
180,0.016,0,1.95462062,1.289250572,0.797610223,0.57320944,0.486805577,0.42354156,0.368304925,0.354557139,0.305602434,0.299625912,0.264008644,0.222451129,0.205934992,0.191676741,0.174155548,0.163350626,0.169462902,0.161365503,0.164021212,0.170335044,0.188140753,0.185217257,0.19609619,0.203081489,0.195729375,0.199055316,0.180919862,0.184117978,0.171190711,0.161825562,0.153878391,0.144731362,0.141528775,0.131955793,0.12709238,0.120499238,0.110521021,0.10297525,0.105905245,0.104812372,0.09863785,0.099638888,0.104707776,0.098775934,0.113030123,0.115025711,0.122059453,0.117026642,0.127879607,0.131025584,0.123340871,0.125033819,0.128243873,0.128286369,0.120002594,0.119227824,0.12752432,0.128187496,0.128596064,0.129194708,0.130396524,0.127309607,0.12195917,0.129779301,0.122799279,0.117185355,0.123589344,0.117562073,0.124605584,0.124845166,0.106830233,0.108202775,0.098421623,0.106241029,0.100854865,0.101992144,0.098746584,0.102416163,0.107965906,0.106843595,0.114702573,0.11154842,0.127034864,0.126294933,0.132005472,0.145865835,0.141481523,0.146321861,0.141986374,0.153318785,0.15159877,0.158368293,0.155589676,0.153046122,0.155617588,0.160308761,0.153237276,0.156120448,0.164170617,0.169031911,0.166104666,0.180402076,0.186631049,0.202846086,0.199814979,0.193198487,0.179597848,0.187192948,0.19586969,0.199811509,0.199995305,0.181924388,0.203046514,0.214389602,0.20220778,0.217415477,0.212563168,0.210056102,0.218345817,0.204673983,0.198780193,0.212426441,0.208106418,0.213801789,0.219364118,0.213250341,0.215229506,0.21644075,0.220994351,0.21080123,0.213310412,0.233398578,0.225016064,0.240810353,0.231289033,0.255320928,0.236461893,0.26025819,0.270825809,0.28221372,0.262714345,0.276425233,0.287424889,0.307003618,0.290065152,0.317782477,0.320548752,0.319218222,0.35215202,0.398596565,0.386869074,0.37892845,0.374093544,0.402628151,0.399747996,0.424849039,0.45554547,0.491608232,0.466272099,0.474524824,0.474375449,0.486363392,0.513203925,0.524562924,0.542573312,0.585365618,0.61206833,0.628903766,0.683605221,0.711678933,0.769186214,0.7562819,0.783173137,0.855884018,0.819341815,0.882211799,0.819087956,0.862588825,0.924371016,0.855136938,0.956819835,1.044679976,1.054457126,1.107388741,1.151544901,1.268038177,1.360881013,1.425361709,1.521837594,1.508766973,1.514819302,1.574653459,1.720885955,1.615510933,1.8317738,1.856509949,1.910937446,1.953875925,2.057961717,2.354381104,2.425272301,2.6090796,2.791021733,2.924686711,3.065192188,3.161994869,3.176561984,3.580492739,3.554687443,3.773523798,4.103855585,4.453861671,4.788547032,5.276393701,6.000398416,6.253937949,7.127223126,7.575735251,8.590369446,8.94844273,10.06928202,11.62690673,12.01824983,14.35944294,15.12019663,17.85730579,18.13779452,19.59886761,20.91158888,23.6758862,26.09190334,30.7147903,33.50766558,35.18332576,40.08853037,45.53673365,49.94592334,58.57581032,61.77325452,63.94254899,72.57233664,84.55671898,90.5256,112.4506629,112.2609789,120.1834258,107.9811455,114.4456187,92.37469114,79.19875354,63.55680656,78.00847514,117.2923723,238.522335,188.7347683,15,0,42.69,195,407.72,0,2021-208,07:49.9
180,0.016,0,2.21299886,1.245353292,0.741242863,0.57320944,0.466928457,0.400379608,0.345888541,0.330763411,0.318061954,0.30248972,0.275724484,0.233090425,0.2027332,0.188756709,0.184022108,0.160826498,0.170272022,0.156574911,0.157553116,0.170335044,0.160484561,0.181645289,0.185111486,0.178956817,0.184575327,0.175996116,0.170958262,0.166487898,0.169483703,0.174099642,0.156219447,0.150648546,0.129626599,0.140559505,0.130846364,0.129399878,0.116750365,0.106790642,0.099013789,0.106374676,0.104326874,0.098601064,0.101563776,0.110498942,0.107584043,0.107191087,0.116875165,0.124731378,0.120574775,0.126653776,0.128442951,0.136712795,0.130872737,0.130269729,0.13591709,0.147049968,0.128846624,0.133462376,0.127938976,0.127234004,0.121308844,0.119592743,0.122595106,0.114708837,0.118464655,0.110469547,0.12479216,0.111634713,0.113515056,0.117356334,0.110242649,0.106513655,0.105682903,0.109014309,0.108042513,0.113024464,0.108131672,0.114034371,0.10852277,0.107972811,0.109516557,0.11451978,0.129506672,0.123708949,0.135381312,0.141667371,0.137880403,0.141157317,0.14048071,0.144099329,0.154736178,0.149574629,0.161285772,0.167101994,0.177432628,0.167101721,0.174697276,0.1743256,0.181693177,0.174366055,0.189725146,0.169233052,0.178076009,0.181614854,0.190074179,0.195160919,0.187519768,0.19617682,0.19586969,0.205916725,0.195890985,0.198431268,0.208218514,0.211287362,0.204271588,0.210217685,0.206415904,0.212100006,0.200938361,0.211884767,0.200861345,0.199774793,0.202759058,0.227917917,0.219364118,0.233470245,0.217510978,0.23957675,0.209283311,0.223850926,0.240939116,0.239488338,0.243561344,0.234517553,0.255700841,0.260571744,0.261991205,0.291841422,0.261015057,0.279359256,0.280164457,0.292703473,0.303985785,0.322401378,0.312078976,0.301627277,0.323872016,0.343152622,0.350386068,0.358455189,0.381197394,0.39653965,0.406391016,0.413066071,0.423413308,0.451424527,0.44415011,0.454196904,0.473492355,0.484444184,0.489697241,0.518072576,0.537851253,0.552971884,0.569112224,0.628232498,0.647040938,0.681818966,0.707660581,0.747394133,0.713602214,0.79090526,0.759284497,0.790004978,0.840620215,0.851461079,0.900643796,0.904599385,0.948454216,0.964524458,0.987670395,1.023433256,1.087469606,1.101675781,1.133725381,1.150487457,1.193341173,1.290865709,1.381242394,1.494009213,1.584702502,1.574653459,1.755479235,1.961195413,1.89835332,1.955725949,2.024950246,2.061597525,2.215111157,2.330932144,2.596896621,2.455038,2.683017893,2.739537591,3.005029628,3.241730869,3.278475584,3.707151299,3.922041043,4.084352598,4.126045665,4.836929831,5.047059032,5.780082661,5.727855376,6.122469149,6.589479126,7.068506451,8.590369446,9.79187953,10.53209802,11.62690673,12.51816663,14.49742694,15.65127823,16.76780179,18.59862652,20.10357161,21.69610408,23.4309134,27.16072894,30.2711935,32.37720478,37.49420576,39.50662637,43.79590805,49.20431374,55.79427432,60.83937612,65.67182899,73.34161664,81.45969498,89.5752,104.2146309,104.7081469,106.3033618,114.9703295,117.3627387,99.99785914,86.19024154,69.11456656,84.05839514,121.4914763,243.366879,184.9338083,15,0,42.69,196,409.79,0,2021-208,07:52.0
180,0.016,0,2.19146734,1.289250572,0.813715183,0.620624736,0.506682697,0.438280984,0.368304925,0.342660275,0.314947074,0.276715448,0.265310404,0.228361849,0.221943952,0.187783365,0.172361628,0.170081634,0.164608182,0.169349823,0.1632127,0.178656004,0.173448401,0.173608361,0.178703742,0.181740433,0.194799871,0.187064532,0.184542262,0.184117978,0.164362679,0.166735194,0.151537335,0.143991714,0.139428391,0.130632145,0.121461404,0.11575223,0.116184061,0.112786258,0.106965469,0.104291604,0.104326874,0.104828008,0.102087776,0.105703166,0.108673259,0.111108399,0.108810717,0.109914578,0.109008791,0.118534704,0.113136711,0.128926811,0.134816033,0.126303009,0.131938466,0.129164304,0.125540864,0.128846856,0.118739744,0.117430484,0.113519404,0.120235815,0.124502914,0.129779301,0.122180047,0.120237995,0.11877808,0.116969337,0.111180208,0.108715374,0.109105177,0.117774455,0.110151383,0.117334149,0.108042513,0.115782544,0.108131672,0.106842147,0.105181586,0.109102027,0.112397677,0.11749114,0.117765584,0.117890485,0.131330304,0.119275563,0.140761299,0.144108485,0.137469382,0.147940769,0.14767701,0.151173477,0.155589676,0.158833834,0.165686068,0.162856121,0.161821276,0.167390304,0.170303513,0.173477031,0.168830106,0.166440796,0.180927689,0.178719686,0.195918659,0.202029431,0.201383128,0.192183988,0.20595001,0.202864117,0.197943145,0.193272868,0.206149714,0.203014722,0.196016356,0.214330709,0.1900232,0.206990246,0.187626777,0.190252415,0.202942497,0.205046313,0.20917589,0.210544221,0.218259254,0.213250341,0.222073922,0.23263595,0.229192079,0.232155278,0.221719148,0.232180626,0.218834304,0.245844593,0.253131177,0.267135264,0.266022149,0.272616846,0.275030417,0.276504792,0.294706217,0.274945393,0.270863993,0.293145634,0.291637568,0.312935917,0.313902224,0.320927822,0.355683924,0.371227445,0.383087954,0.40632365,0.416483976,0.436029495,0.429867484,0.431492911,0.485173406,0.465887944,0.502373379,0.469565144,0.525448089,0.504860416,0.562498581,0.575699052,0.580907296,0.603737138,0.605709674,0.665282966,0.717970021,0.693821333,0.735835814,0.7947523,0.811043217,0.773535218,0.857642935,0.833889239,0.932359956,0.895263705,0.934004296,1.014246058,1.044229755,1.055303336,1.076465446,1.147379461,1.252522181,1.206169377,1.238448053,1.472435309,1.458569754,1.464493693,1.561408102,1.722311059,1.720885955,1.742868373,1.8793306,2.054941949,2.035315046,2.255496405,2.248786037,2.319207664,2.498825581,2.7374476,2.939527013,2.924686711,3.050151548,3.146047669,3.414360384,3.453834179,3.825369043,4.167240278,4.525467105,4.669337511,5.202166232,5.612186341,5.727855376,6.615477149,7.091373526,7.848858451,8.974619046,9.51073393,10.12070602,11.39968113,12.58065623,13.11758694,15.57540943,15.25925779,16.75529852,18.89228201,19.45463208,23.6758862,26.22550654,29.8275967,30.43927198,34.82780576,37.95488237,42.70789205,46.73228174,54.12535272,61.77325452,70.85966899,79.49585664,88.98103898,97.1784,105.7588869,108.4845629,121.3400978,115.5527615,115.6124667,98.56851514,86.60150554,68.07248656,78.41180314,121.4914763,254.267103,190.6352483,15,0,42.69,197,411.87,0,2021-208,07:54.1
180,0.016,0,2.06227822,1.188913932,0.801636463,0.582099808,0.466928457,0.406696504,0.362700829,0.352857587,0.305602434,0.311081144,0.278328004,0.227179705,0.212338576,0.185836677,0.163392028,0.155778242,0.146807542,0.152582751,0.158361628,0.16284618,0.170855633,0.187003241,0.181449918,0.190091281,0.185504831,0.179685588,0.174580662,0.168250906,0.168630199,0.159370746,0.146074871,0.152127842,0.142929031,0.138574033,0.122712732,0.113972102,0.117316669,0.11115109,0.107495581,0.111061588,0.109498714,0.104828008,0.108899776,0.11156467,0.102682571,0.116704559,0.118603261,0.118211986,0.118139831,0.124780144,0.125891911,0.123736155,0.117071201,0.131591969,0.130612258,0.129826736,0.138763904,0.134121736,0.121368096,0.129848276,0.129098284,0.130524967,0.120051362,0.112197093,0.116606959,0.106195851,0.105547104,0.101558201,0.110012784,0.109867502,0.111380121,0.111581015,0.113502743,0.113451557,0.104725137,0.109163152,0.101506904,0.106842147,0.104067858,0.106278987,0.115855021,0.119273956,0.118383536,0.127587925,0.13943232,0.145166091,0.145082643,0.143370693,0.138222214,0.144867617,0.144539602,0.146376933,0.146638668,0.137336618,0.158973748,0.163705241,0.161821276,0.169124128,0.187826073,0.169920935,0.178823386,0.175748316,0.192334409,0.189335302,0.183255619,0.181423895,0.199402648,0.190187572,0.19586969,0.213039477,0.191786665,0.194304548,0.183392914,0.193708002,0.204271588,0.187596053,0.186949568,0.201880486,0.193770585,0.209824543,0.205023649,0.202937705,0.207036946,0.219231069,0.214944662,0.232346917,0.226636866,0.23841995,0.226849871,0.22266459,0.222920396,0.226090866,0.238615936,0.253395953,0.254416009,0.264509856,0.260647557,0.27399003,0.294651921,0.287922648,0.280164457,0.294183313,0.294952569,0.322401378,0.316796224,0.308089357,0.322210384,0.314089422,0.311535124,0.321963029,0.366072914,0.37501485,0.4104282,0.427679159,0.438473052,0.451424527,0.448708254,0.500961064,0.466272099,0.467085304,0.497358137,0.541854464,0.532374069,0.55581278,0.566163456,0.594551378,0.586633706,0.675204566,0.680168741,0.697392853,0.698779814,0.75243486,0.799098897,0.822944498,0.861898615,0.886604759,0.900643796,0.988620505,0.977354056,1.034134698,0.997953915,1.028744936,1.037950886,1.221647941,1.139665221,1.206169377,1.219116533,1.337939309,1.444510234,1.530903613,1.553643302,1.697701459,1.703589315,1.879322773,1.89835332,1.916039549,2.107868646,2.126230485,2.181436277,2.190238384,2.376236781,2.4036908,2.899025573,2.867717751,2.974948348,3.305519669,3.380389184,3.634774979,3.670693843,3.732079958,4.170425825,4.453861671,4.710993432,4.968583781,5.727855376,6.253937949,6.947975126,7.809840851,8.846535846,9.13587313,10.27497802,10.88842353,12.08073943,13.04859494,14.74085263,16.26495379,19.33595772,20.40639401,22.59269288,26.6155598,29.43198334,31.0105215,32.53869918,35.53884576,38.34281837,40.31425685,45.24906254,54.12535272,62.39584012,70.51381299,81.03441664,89.42347098,94.8024,103.6998789,99.85275494,112.0867218,114.9703295,114.4456187,98.09206714,83.31139354,70.50400656,78.81513114,113.6931403,242.155743,182.0830883,15,0,42.69,198,413.95,0,2021-208,07:56.2
180,0.016,0,2.22376462,1.251624332,0.797610223,0.620624736,0.506682697,0.442492248,0.349624605,0.313767891,0.290028034,0.299625912,0.258801604,0.236636857,0.217674896,0.191676741,0.191197788,0.181019522,0.165417302,0.169349823,0.166446748,0.157021508,0.162213073,0.184324265,0.186026878,0.184524049,0.180857311,0.19721058,0.184542262,0.180591962,0.181432759,0.16100729,0.153878391,0.13807453,0.131026855,0.135264913,0.124589724,0.106258214,0.108255805,0.114966482,0.099543901,0.107416212,0.097603482,0.099119976,0.101039776,0.10623603,0.105405611,0.104952623,0.115723101,0.112285266,0.126053399,0.119159248,0.129080711,0.128926811,0.137444897,0.136219809,0.143874338,0.142412944,0.12752432,0.121593896,0.12005392,0.124619732,0.113519404,0.120235815,0.120051362,0.118476453,0.115368495,0.119627467,0.12479216,0.121118489,0.122854448,0.112171758,0.113655065,0.112707095,0.104565783,0.115115525,0.108595409,0.104750224,0.104267224,0.115140867,0.107409042,0.109102027,0.108364109,0.116302596,0.119001488,0.126294933,0.130655136,0.140967627,0.137160179,0.141895109,0.135963718,0.151782209,0.144539602,0.147975781,0.15396222,0.16792881,0.165686068,0.173894681,0.178989276,0.182127808,0.175560281,0.179700199,0.182457306,0.175748316,0.185680489,0.188370246,0.201763139,0.198104567,0.196431928,0.188191156,0.204941978,0.193706293,0.195890985,0.211843108,0.199943314,0.211287362,0.193952548,0.185539541,0.198219552,0.204946342,0.198890425,0.209824543,0.199820769,0.202937705,0.215592722,0.211630077,0.210525206,0.222236965,0.224355394,0.22685195,0.223336559,0.24045963,0.25655534,0.24679605,0.255924864,0.253395953,0.256985673,0.260571744,0.253929317,0.286348686,0.256810449,0.276504792,0.275801929,0.303062353,0.288930425,0.30238429,0.293209984,0.296780717,0.308917328,0.327766222,0.34332226,0.358455189,0.364182354,0.39849645,0.39024228,0.394277815,0.434170268,0.460283023,0.448708254,0.498622856,0.475899107,0.494363544,0.525448089,0.52335744,0.557021397,0.550130988,0.542573312,0.603737138,0.621606314,0.678511766,0.704224101,0.683106773,0.743247014,0.74474078,0.759284497,0.765300338,0.772529335,0.820710359,0.855334996,0.881260185,0.929187656,1.014246058,0.936252795,1.049991656,1.103975846,1.135953541,1.193123781,1.255664417,1.335105653,1.371563309,1.479659034,1.560419133,1.600232102,1.648482259,1.720885955,1.806547093,1.80323972,1.955725949,2.035315046,2.104686165,2.293685877,2.401279024,2.486566701,2.4036908,2.602015013,2.611357431,2.839582588,3.002522869,3.244504384,3.689057219,3.554687443,4.084352598,4.259186145,5.052405671,4.917803032,5.724117221,6.182093776,6.253937949,7.378170326,7.848858451,7.907259046,9.04215793,10.37782602,11.91093873,12.45567703,13.32456294,14.89259023,16.51637779,18.04562812,20.91109801,23.15306088,24.2883182,25.15668094,28.4968063,32.53869918,35.36108576,39.89456237,43.36070165,47.22668814,52.73458472,59.90549772,66.70939699,78.34193664,92.96292698,98.604,107.3031429,108.4845629,110.9300498,116.1351935,115.0290427,92.37469114,79.19875354,64.59888656,70.74857114,116.6925003,247.000287,185.8840483,15,0,42.69,199,416.03,0,2021-208,07:58.3
180,0.016,0,2.27759342,1.226540172,0.809688943,0.638405472,0.499228777,0.427752824,0.385117213,0.340960723,0.294700354,0.268124024,0.267913924,0.224815417,0.199531408,0.186810021,0.180434268,0.16671613,0.165417302,0.157373343,0.150276508,0.163678276,0.165670097,0.175394345,0.18236531,0.180812561,0.182716319,0.186142164,0.180014262,0.185880986,0.175458231,0.175736186,0.155439095,0.142512418,0.135227623,0.122028433,0.117081756,0.11871911,0.109954717,0.109515922,0.100604125,0.101687764,0.101740954,0.094449768,0.101039776,0.102505982,0.102682571,0.108310319,0.109386749,0.118211986,0.118139831,0.12727832,0.128442951,0.128926811,0.128901089,0.137542049,0.138569506,0.135126192,0.136119296,0.132803016,0.127281888,0.12854114,0.127150924,0.124094247,0.126410722,0.117848517,0.121560815,0.122069579,0.117575264,0.113412921,0.111180208,0.112171758,0.110242649,0.105387575,0.103448663,0.108459653,0.109701201,0.109163152,0.109787864,0.104075907,0.11409141,0.107972811,0.114702573,0.107388516,0.1227092,0.126941429,0.133355808,0.133970187,0.137160179,0.142632901,0.148761862,0.142562753,0.145323954,0.148775205,0.150707308,0.156353386,0.164007988,0.166252601,0.165254876,0.169124128,0.178188665,0.178811175,0.189725146,0.19622486,0.176174889,0.18740519,0.191048259,0.185348759,0.176627128,0.173218036,0.177725114,0.196758901,0.194864905,0.193272868,0.198908914,0.203014722,0.187761124,0.212274197,0.198219552,0.215165862,0.199914393,0.201583647,0.193577313,0.199774793,0.207036946,0.213801789,0.203896022,0.225606949,0.212948034,0.22338155,0.225678767,0.230968942,0.231329132,0.241924242,0.249743104,0.244586033,0.258270505,0.26582256,0.257960261,0.278109582,0.258211985,0.266514168,0.284526985,0.270505873,0.273875065,0.288526306,0.301072064,0.312935917,0.315563856,0.344862222,0.348620116,0.336559893,0.360401234,0.39458285,0.4104282,0.427679159,0.43632166,0.422634415,0.43275475,0.428476616,0.454238339,0.477004664,0.497358137,0.504860416,0.529635477,0.564335468,0.566163456,0.625170578,0.599351018,0.655361366,0.683605221,0.729536533,0.735835814,0.80629342,0.799098897,0.818827058,0.764017975,0.767994839,0.855334996,0.909267225,0.962904136,1.034134698,1.054513275,1.097796776,1.065461286,1.095962821,1.193123781,1.193795617,1.257779573,1.290865709,1.388272154,1.375947133,1.460465702,1.623872659,1.660347715,1.742868373,1.86981924,1.896196349,1.962761446,2.233952085,2.203886197,2.389554544,2.425272301,2.6090796,2.831523173,2.839233271,2.869663868,3.321466869,3.176561984,3.616680899,3.748031443,4.167240278,4.236996065,4.525686951,5.124612632,5.556220901,6.060963536,6.286805149,6.589479126,7.536717651,8.504980646,9.51073393,10.58352202,12.53580913,12.89310423,13.39355494,14.89259023,16.76780179,18.59862652,20.00263081,21.69610408,23.920859,25.55749054,29.2361343,31.73122718,34.65004576,38.92472237,42.70789205,48.21550094,53.84719912,63.64101132,69.13038899,79.49585664,93.84779098,95.2776,106.2736389,102.5501949,115.5567378,114.9703295,113.8621947,96.18627514,80.02128154,65.64096656,79.21845914,119.0919883,242.155743,186.8342883,15,0,42.69,200,418.1,0,2021-208,08:00.3
180,0.016,0,2.10534126,1.295521612,0.805662703,0.623588192,0.461959177,0.440386616,0.362700829,0.363054899,0.314947074,0.28817068,0.265310404,0.231908281,0.198464144,0.196543461,0.182228188,0.17092301,0.162180822,0.171745119,0.160787164,0.16700666,0.159620305,0.173608361,0.180534526,0.171533841,0.187363839,0.188909268,0.181825462,0.170895418,0.167776695,0.16100729,0.146074871,0.14547101,0.138028135,0.137250385,0.118958748,0.115158854,0.121280797,0.106790642,0.100604125,0.099604692,0.10122377,0.098601064,0.103135776,0.107301758,0.105950219,0.107750703,0.122635485,0.118804658,0.117531095,0.123531056,0.123340871,0.132819803,0.128901089,0.128947489,0.128622946,0.126514576,0.130168928,0.126868776,0.140423648,0.123312596,0.128449164,0.129238823,0.124502914,0.119732325,0.115368495,0.120237995,0.112764,0.106300089,0.107677936,0.116204206,0.106830233,0.099757175,0.105682903,0.101803781,0.108595409,0.107508304,0.115860568,0.114034371,0.107965906,0.113618891,0.107211661,0.112142692,0.115293776,0.126294933,0.13605648,0.134669931,0.140041075,0.143370693,0.150267526,0.137953025,0.148461362,0.151972901,0.15396222,0.15139249,0.164007988,0.170498201,0.163538076,0.157854272,0.172055769,0.177033127,0.171555546,0.179471324,0.185680489,0.190300358,0.190074179,0.187311191,0.191480728,0.197175028,0.186797402,0.195741365,0.213334345,0.196367908,0.209252914,0.205082882,0.2073673,0.205076405,0.192072288,0.195748774,0.185578841,0.196433087,0.209185953,0.192394665,0.204898002,0.196428093,0.203896022,0.214373669,0.21979245,0.22106795,0.228020975,0.232155278,0.233731628,0.23461653,0.243561344,0.247103153,0.238998025,0.250070112,0.247211077,0.261631374,0.276431953,0.290777112,0.268531049,0.291223633,0.296458105,0.28698653,0.308934144,0.308089357,0.32719528,0.327766222,0.357449876,0.358455189,0.388759634,0.40045325,0.398316648,0.406803319,0.444927228,0.422634415,0.435033822,0.479917192,0.490339619,0.429887704,0.507572665,0.502217984,0.535112661,0.561494572,0.566163456,0.622108658,0.637502954,0.675204566,0.662986341,0.747394133,0.683957414,0.71396446,0.763265937,0.822944498,0.866154295,0.855854039,0.828149716,0.969949145,0.934004296,0.959552298,1.023662715,1.140290216,1.048955046,1.181657221,1.216883141,1.187608737,1.264223413,1.398462509,1.416391194,1.442357053,1.460465702,1.558247059,1.599809475,1.724674453,1.9268874,1.955725949,2.118233446,2.061597525,2.349810677,2.401279024,2.474307821,2.4293644,2.467010213,2.639841911,2.659094908,2.890892469,3.023691584,3.616680899,3.767365843,4.167240278,4.525467105,5.028463911,5.176315032,5.668151781,6.212376336,6.714078749,7.306471126,8.239034451,8.334203046,9.55759153,9.966434016,10.32035953,12.33069783,13.53153894,15.27193423,16.09733779,18.78295932,20.70921641,22.25647208,25.3906958,27.69514174,30.7147903,33.50766558,35.00556576,38.53678637,44.88392405,46.73228174,51.90012392,60.21679052,60.13813299,70.26449664,86.76887898,92.9016,106.2736389,107.9450749,110.3517138,110.3108735,106.8611067,91.42179514,78.37622554,67.03040656,76.79849114,118.4921163,239.733471,189.6850083,15,0,42.69,201,420.18,0,2021-208,08:02.4
180,0.016,0,2.16993582,1.213998092,0.805662703,0.602844,0.536498377,0.42354156,0.377645085,0.351158035,0.314947074,0.286738776,0.252292804,0.240183289,0.216607632,0.182916645,0.170567708,0.17092301,0.147616662,0.159768639,0.157553116,0.170335044,0.170855633,0.187003241,0.192434622,0.187307665,0.182716319,0.186142164,0.195409462,0.176184442,0.173751223,0.16919001,0.159340855,0.155086434,0.133827367,0.141883153,0.12083574,0.113378726,0.112219933,0.113331314,0.106435357,0.108978516,0.102258138,0.104828008,0.110995776,0.108367486,0.108673259,0.111108399,0.116875165,0.124138706,0.123618455,0.121657424,0.132269511,0.128926811,0.132187169,0.130930849,0.12928605,0.127177008,0.129507776,0.126209416,0.130567328,0.123966164,0.118063244,0.132454183,0.124502914,0.123499941,0.130849295,0.131227499,0.126596384,0.121118489,0.115266192,0.116204206,0.116498745,0.101446295,0.100655863,0.101803781,0.098643281,0.099234064,0.0954342,0.100756419,0.104624722,0.109102027,0.112973901,0.12937658,0.120855344,0.130820405,0.133355808,0.140967627,0.137160179,0.141157317,0.144997702,0.152550497,0.146108306,0.158368293,0.15396222,0.158007018,0.159812788,0.157761401,0.163538076,0.1743256,0.164170617,0.172588007,0.178823386,0.176679068,0.179026569,0.186440134,0.191048259,0.192217271,0.190490488,0.195178612,0.202925914,0.216092085,0.218464745,0.203589668,0.207184114,0.205082882,0.196016356,0.189652565,0.203342272,0.197792678,0.206058201,0.203643871,0.200861345,0.214535049,0.20917589,0.222488637,0.238146806,0.234593573,0.239184962,0.22916555,0.230363183,0.226223598,0.228926636,0.22243701,0.231197824,0.247103153,0.253131177,0.254008224,0.276771333,0.27399003,0.276431953,0.2679414,0.283072809,0.283824433,0.279897209,0.30238429,0.307361728,0.298396237,0.292301008,0.310670222,0.341556308,0.389473525,0.375525714,0.39849645,0.394279464,0.406803319,0.41480774,0.462497647,0.44415011,0.44718228,0.480712611,0.484444184,0.494804505,0.520715008,0.543328437,0.589903532,0.53077824,0.619046738,0.64386161,0.652054166,0.676732261,0.733108053,0.709896614,0.81783454,0.759284497,0.761182898,0.798063415,0.811924439,0.782840916,0.871924505,0.924371016,1.029162538,1.023662715,1.103108456,1.125984166,1.107388741,1.151544901,1.224730017,1.309330293,1.385012909,1.367182874,1.457114813,1.553643302,1.607466259,1.513326275,1.651898773,1.6891034,1.856509949,1.921302246,2.169319125,2.147761397,2.354381104,2.388495661,2.6090796,2.845023653,2.782264311,2.629013628,3.082258869,3.295461184,3.435740099,3.902706643,4.291571798,4.148235745,4.789046311,4.995356632,5.388324581,5.970115856,6.516875549,6.553629526,7.692788051,7.779175846,9.18273073,10.06928202,11.05884273,12.39318743,13.66952294,15.19606543,16.93541779,18.22996092,18.89228201,20.91158888,21.8385902,25.29028414,29.2361343,31.56973278,36.78316576,38.73075437,42.05508245,48.70990734,59.13211752,64.26359692,69.47624499,73.34161664,88.53860698,97.6536,105.2441349,117.6558589,118.4484178,111.4757375,109.7782267,91.42179514,83.72265754,62.86208656,71.15189914,108.2942923,232.466655,181.1328483,15,0,42.69,202,422.26,0,2021-208,08:04.5
180,0.016,0,2.32065646,1.289250572,0.817741423,0.561355616,0.479351657,0.440386616,0.401929501,0.347758931,0.330521474,0.279579256,0.254896324,0.230726137,0.187791504,0.187783365,0.160701148,0.15409549,0.162180822,0.150187455,0.156744604,0.16284618,0.163077329,0.174501353,0.186026878,0.184524049,0.179927807,0.176918484,0.184542262,0.178828954,0.168630199,0.164280378,0.146074871,0.143991714,0.135927751,0.131955793,0.122087068,0.11575223,0.107123197,0.104610418,0.097423453,0.104812372,0.10639561,0.099119976,0.099991776,0.112630398,0.118476203,0.113346863,0.115723101,0.112285266,0.118748567,0.128527408,0.125891911,0.138659291,0.122986145,0.124980769,0.137906402,0.12452728,0.122235104,0.122253256,0.13319568,0.133769684,0.129098284,0.127309607,0.12513885,0.114080901,0.124037743,0.126953803,0.116372448,0.108078297,0.110012784,0.109291438,0.111380121,0.113270135,0.111268503,0.114560869,0.114124369,0.115782544,0.118620888,0.110161635,0.109636498,0.115312715,0.111245229,0.113925508,0.112204016,0.124355445,0.121202784,0.129071979,0.137160179,0.151486405,0.152526022,0.162538241,0.164148402,0.160766565,0.15803086,0.174543338,0.160651828,0.177291161,0.158387676,0.170857952,0.174684153,0.174366055,0.176097946,0.179471324,0.177125449,0.173894406,0.194944579,0.190254839,0.187519768,0.195178612,0.181757242,0.191671221,0.175369385,0.183987748,0.193736914,0.194742082,0.19188874,0.196850357,0.202317728,0.210056102,0.215273913,0.199523423,0.203983073,0.215589353,0.211314834,0.213801789,0.219364118,0.213250341,0.19697773,0.21181355,0.208112207,0.215546574,0.236134124,0.238270386,0.255924864,0.258430193,0.256985673,0.256633632,0.247211077,0.256138638,0.254007377,0.265086936,0.268531049,0.271985713,0.273875065,0.276208098,0.301072064,0.308089357,0.312240592,0.339733422,0.339790356,0.363929013,0.352838994,0.34370605,0.394279464,0.390102647,0.419110524,0.427063663,0.46694083,0.479917192,0.492746371,0.472044984,0.497358137,0.52335744,0.537851253,0.5416083,0.557317152,0.609860978,0.669296234,0.681818966,0.693914661,0.711678933,0.706191014,0.81783454,0.791136017,0.827061938,0.798063415,0.869032919,0.882520276,0.955945625,0.919554376,1.014246058,0.997953915,0.996874856,1.037950886,1.118814661,1.115905861,1.206169377,1.186897333,1.324489709,1.346093594,1.412841533,1.475995302,1.623872659,1.668996035,1.706480533,1.84128516,1.906117949,2.014585446,2.115458325,2.181436277,2.272309744,2.400754541,2.519222,2.710018853,2.739537591,2.944867068,3.002522869,3.346417984,3.544304579,3.748031443,4.333015638,4.458896865,4.717221031,4.969505432,5.668151781,6.091246096,6.056734749,6.804576726,7.770823251,9.060007846,9.13587313,10.48067402,11.74051953,12.58065623,13.32456294,14.96845903,16.18114579,17.86129532,19.39698601,22.92891368,24.1658318,26.35910974,27.9053439,29.95478878,34.47228576,37.37297837,44.01351125,47.72109454,56.90688872,61.77325452,71.55138099,82.95761664,88.53860698,98.1288,101.1261189,110.1030269,121.9184338,107.9811455,116.1958907,96.18627514,79.61001754,67.37776656,81.23509914,123.2910923,259.111647,198.2371683,15,0,42.69,203,424.34,0,2021-208,08:06.6
180,0.016,0,2.26682766,1.157558732,0.797610223,0.611734368,0.476867017,0.400379608,0.355228701,0.327364307,0.307159874,0.286738776,0.245784004,0.225997561,0.209136784,0.192650085,0.188506908,0.172605762,0.164608182,0.169349823,0.157553116,0.171999236,0.164805841,0.170036393,0.187857662,0.173389585,0.184575327,0.19721058,0.187259062,0.17794745,0.167776695,0.160189018,0.150756983,0.149908898,0.130326727,0.125999377,0.118333084,0.10685159,0.108255805,0.104065362,0.102724573,0.103250068,0.098120666,0.100676712,0.110995776,0.110498942,0.107584043,0.118943023,0.122635485,0.11939733,0.119357303,0.11478744,0.116963271,0.123736155,0.122986145,0.128947489,0.127959842,0.125852144,0.126202016,0.134121736,0.12991024,0.129194708,0.128449164,0.131811111,0.12513885,0.108429477,0.117226191,0.112301131,0.107351328,0.106892825,0.105343088,0.118508462,0.103986553,0.108765815,0.109034263,0.114006213,0.105278033,0.110818,0.121381208,0.107948643,0.111863954,0.110231243,0.111245229,0.124622404,0.117147632,0.141810837,0.133355808,0.141667371,0.144362419,0.151486405,0.151020358,0.152550497,0.153167474,0.150374053,0.151521036,0.157180202,0.168203188,0.163705241,0.166971676,0.176059424,0.178188665,0.182367271,0.173372506,0.173886812,0.177125449,0.184510022,0.173514819,0.188292407,0.177617368,0.180205492,0.181757242,0.181495861,0.187682345,0.200494628,0.212356114,0.192673922,0.19188874,0.204048149,0.203342272,0.216187814,0.195818521,0.194372863,0.194617889,0.212426441,0.212384306,0.204029085,0.201686294,0.219990309,0.217510978,0.22338155,0.218652143,0.23452795,0.227725388,0.244360146,0.26581568,0.258430193,0.271118825,0.263197152,0.257960261,0.254765454,0.273628881,0.280786488,0.287435337,0.303062353,0.314524537,0.316242274,0.316796224,0.308089357,0.317225488,0.307251022,0.338024404,0.347507541,0.369854034,0.38284205,0.414465384,0.429766743,0.451381404,0.466926895,0.425917534,0.491608232,0.473492355,0.504282904,0.489697241,0.531284736,0.540589845,0.507517548,0.513085632,0.554746418,0.545302442,0.618982166,0.662986341,0.700964373,0.739541414,0.82552862,0.830950417,0.839414258,0.908711095,0.855854039,0.882520276,0.923270745,0.909921096,0.929719338,0.967103355,1.018121576,1.032448806,1.124527621,1.181244101,1.193795617,1.341549493,1.391737709,1.423420954,1.309537213,1.429406502,1.533637459,1.651699395,1.688286613,1.82226244,1.945804349,1.973126246,2.169319125,2.203886197,2.307483184,2.363977901,2.4422012,2.683017893,2.782264311,2.794460668,3.082258869,3.312446784,3.562398659,3.883372243,4.208684118,4.481086945,5.076347431,4.969505432,5.416307301,5.848985616,5.991000349,6.876275926,7.146541651,7.779175846,8.80786993,9.915010016,11.45648753,12.51816663,13.80750694,15.65127823,18.02492179,18.04562812,20.10357161,21.69610408,24.1658318,27.96234814,28.9404031,35.12260958,35.53884576,37.56694637,40.09665365,46.97948494,52.17827752,58.03774092,64.98011699,76.41873664,88.53860698,97.1784,110.3916549,116.0373949,124.2317778,113.2230335,116.1958907,98.56851514,87.01276954,69.46192656,80.02511514,113.6931403,217.933023,179.2323683,15,0,42.69,204,426.42,0,2021-208,08:08.6
180,0.016,0,2.16993582,1.326876812,0.849951343,0.620624736,0.541467657,0.467759832,0.398193437,0.332462963,0.305602434,0.268124024,0.236671684,0.222451129,0.187791504,0.184863333,0.172361628,0.165874754,0.163799062,0.167752959,0.151893532,0.160349892,0.171719889,0.183431273,0.175957566,0.196586385,0.186434335,0.18337506,0.171863862,0.175302938,0.166923191,0.161825562,0.148415927,0.140293474,0.133827367,0.125999377,0.118958748,0.113972102,0.119581885,0.110606034,0.111736477,0.103250068,0.099155034,0.105865832,0.105231776,0.103038846,0.104861003,0.112787247,0.116299133,0.11347061,0.118139831,0.122906512,0.123340871,0.119843163,0.134158817,0.122997409,0.128622946,0.127177008,0.128185472,0.134121736,0.119396832,0.126580436,0.125203564,0.118949671,0.119415426,0.114708837,0.117845423,0.114743243,0.110358368,0.112820185,0.11468248,0.111595694,0.111380121,0.111581015,0.104007223,0.106241029,0.111359889,0.111369616,0.103163096,0.100203171,0.104067858,0.110231243,0.112397677,0.109171332,0.121473296,0.127587925,0.129979968,0.127672491,0.132838835,0.147059653,0.147256198,0.152550497,0.157089234,0.159167717,0.159658316,0.16792881,0.166525108,0.168799961,0.165254876,0.173458688,0.175560281,0.180589223,0.177914906,0.195294108,0.190433289,0.179684742,0.208581699,0.181423895,0.191480728,0.19617682,0.188813466,0.207951797,0.209230025,0.199462948,0.190633714,0.188537602,0.19704826,0.184511285,0.176704128,0.182463398,0.181482969,0.188192191,0.198780193,0.215589353,0.215592722,0.220316925,0.224888438,0.236840229,0.226636866,0.23494955,0.226849871,0.236900622,0.227725388,0.237052434,0.24108864,0.235776113,0.242852521,0.26582256,0.261991205,0.25339227,0.262416593,0.277932024,0.262714345,0.258667153,0.279897209,0.268509218,0.28692032,0.308089357,0.317225488,0.322637422,0.336258452,0.352981365,0.400102994,0.39066925,0.37005636,0.400540567,0.401899388,0.409346671,0.453266398,0.47056436,0.442204579,0.467085304,0.535662617,0.525999872,0.518681109,0.558653676,0.54552208,0.606799058,0.61206833,0.615674966,0.669859301,0.743822613,0.683957414,0.75243486,0.771228817,0.798239858,0.832108855,0.912962519,0.900643796,0.955945625,0.905104456,0.954580138,1.018520955,1.065926696,1.043452966,1.130240581,1.133725381,1.237103777,1.257779573,1.337939309,1.360153114,1.427599293,1.522584102,1.533637459,1.703589315,1.852031893,1.88884196,1.925961149,2.045679846,2.147774805,2.069186677,2.272309744,2.498825581,2.583406,2.669517413,2.739537591,3.125354748,3.130100469,3.312446784,3.779527619,3.786700243,4.187962198,4.592037345,5.076347431,5.150463832,5.556220901,6.030680976,6.451141149,6.768727126,7.614752851,8.163425446,8.80786993,10.17213002,11.17245553,12.64314583,13.18657894,14.89259023,16.60018579,18.22996092,20.20451241,23.48928168,24.6557774,27.56153854,30.4190591,32.05421598,35.53884576,37.37297837,42.27268565,47.22668814,55.23796712,60.52808332,68.78453299,78.72657664,88.98103898,99.0792,108.8473989,111.7214909,119.6050898,114.3878975,125.5306747,92.37469114,86.60150554,74.67232656,86.47836314,114.8928843,234.888927,189.6850083,15,0,42.69,205,428.49,0,2021-208,08:10.7
180,0.016,0,2.15917006,1.113661452,0.825793903,0.599880544,0.499228777,0.429858456,0.381381149,0.354557139,0.294700354,0.279579256,0.245784004,0.228361849,0.203800464,0.186810021,0.176846428,0.17092301,0.154898742,0.151784319,0.158361628,0.159517796,0.159620305,0.174501353,0.175042174,0.178956817,0.180857311,0.181530324,0.178203062,0.170013914,0.164362679,0.164280378,0.159340855,0.142512418,0.145029415,0.126661201,0.12709238,0.119312486,0.102592765,0.106245586,0.100604125,0.104291604,0.10380969,0.103790184,0.108375776,0.109433214,0.106494827,0.109429551,0.115147069,0.111099922,0.120574775,0.129151952,0.127167431,0.131522139,0.136130465,0.134897569,0.133927778,0.123864848,0.132152384,0.127528136,0.128596064,0.132462548,0.130396524,0.141457191,0.13785757,0.121616133,0.118464655,0.123901163,0.11577104,0.111634713,0.11468248,0.11101963,0.105692761,0.107639735,0.102331543,0.107904997,0.104172241,0.10805992,0.1092358,0.107395395,0.109636498,0.111360459,0.113550125,0.116302596,0.122091248,0.125648437,0.13605648,0.147965067,0.142921971,0.141157317,0.145750534,0.147940769,0.148461362,0.163164837,0.160472044,0.158833834,0.174915508,0.174743801,0.166113276,0.1743256,0.171179641,0.168142887,0.165196186,0.17295606,0.178076009,0.19223047,0.202737219,0.183386327,0.186529528,0.188191156,0.193853626,0.197776437,0.194864905,0.198431268,0.197874514,0.188537602,0.196016356,0.198906869,0.198219552,0.20392439,0.197866457,0.208794431,0.190455585,0.193448969,0.211314834,0.215973501,0.212734934,0.224483621,0.20838509,0.21759755,0.230363183,0.241645966,0.224121644,0.230962674,0.227488768,0.243327473,0.238998025,0.267135264,0.244523781,0.257511822,0.270825809,0.277932024,0.284526985,0.298622833,0.294952569,0.303924066,0.31050656,0.308089357,0.33550344,0.351700622,0.39630082,0.378525877,0.367963474,0.40436685,0.402353832,0.440204663,0.453532796,0.409346671,0.43275475,0.451858696,0.471085603,0.484444184,0.497358137,0.528642304,0.540589845,0.550130988,0.577958528,0.594551378,0.634323626,0.609060566,0.676732261,0.708107413,0.706191014,0.7755171,0.779191697,0.884706098,0.836364535,0.899783639,0.896112916,0.969949145,0.938820936,1.014246058,0.997953915,1.076550056,1.037950886,1.107388741,1.145605061,1.230916897,1.225560373,1.304315309,1.332034074,1.361189373,1.359523302,1.468011859,1.599809475,1.770159253,1.84128516,2.074785149,2.076774246,2.126230485,2.226336117,2.284034224,2.474307821,2.5320588,2.588514533,2.782264311,2.959907708,3.066311669,3.227518784,3.290987459,3.632025043,3.856411478,4.081665505,4.789046311,5.124612632,5.724117221,6.212376336,6.385406749,7.234771926,7.809840851,7.992647846,8.62043953,9.915010016,10.60439153,12.14322903,13.04859494,15.04432783,16.01352979,18.87512572,20.30545321,21.80817768,23.920859,27.42793534,31.0105215,28.98582238,33.40572576,37.76091437,40.31425685,47.72109454,57.74134952,58.97161932,66.36354099,75.26481664,88.09617498,92.9016,104.2146309,105.7871229,116.1350738,119.6297855,120.2798587,98.09206714,76.31990554,65.64096656,77.60514714,124.4908363,256.689375,191.5854883,15,0,42.69,206,430.57,0,2021-208,08:12.8
180,0.016,0,2.15917006,1.220269132,0.805662703,0.611734368,0.476867017,0.42354156,0.383249181,0.320566099,0.308717314,0.283874968,0.252292804,0.217722553,0.216607632,0.203356869,0.182228188,0.16671613,0.161371702,0.166156095,0.15108502,0.170335044,0.168262865,0.171822377,0.185111486,0.168750225,0.173421279,0.173229012,0.170052662,0.17794745,0.171190711,0.170826554,0.157780151,0.143991714,0.138028135,0.133279441,0.116456092,0.108038342,0.110521021,0.107335698,0.108555805,0.10793698,0.110533082,0.1131306,0.111519776,0.113696126,0.113574731,0.115025711,0.118027229,0.122953362,0.123009719,0.128527408,0.127167431,0.126980315,0.126929441,0.130269729,0.129949154,0.129164304,0.126863168,0.129506216,0.125967712,0.12854114,0.127800044,0.128595751,0.12513885,0.126639621,0.121560815,0.122069579,0.1277992,0.115191129,0.112931344,0.10813931,0.101142873,0.104261495,0.101772983,0.104022405,0.103619345,0.113024464,0.11475644,0.114034371,0.107409042,0.107972811,0.115278797,0.118085412,0.11961944,0.125648437,0.124578624,0.129771723,0.131398387,0.136730565,0.141986374,0.151013921,0.154736178,0.153571749,0.1620995,0.169582442,0.169042228,0.169649081,0.164396476,0.163055744,0.165922873,0.168142887,0.170647066,0.169233052,0.181878249,0.175824518,0.187151939,0.179461463,0.178607608,0.182201908,0.189821498,0.202864117,0.206151785,0.208748068,0.213390514,0.204048802,0.208399204,0.214330709,0.197195008,0.205968294,0.189674713,0.190252415,0.211267105,0.214535049,0.213453778,0.212715933,0.224888438,0.219990309,0.206103618,0.24304715,0.230363183,0.217919246,0.213310412,0.226090866,0.226252416,0.232000433,0.246707017,0.235630368,0.244523781,0.268497294,0.270825809,0.286495416,0.262714345,0.289743793,0.293447033,0.311622946,0.321513472,0.308089357,0.325533648,0.346571822,0.355683924,0.363929013,0.375525714,0.40632365,0.384186504,0.406803319,0.419110524,0.413775919,0.430475678,0.451858696,0.442204579,0.472044984,0.459053657,0.52335744,0.546067029,0.578539948,0.580907296,0.603737138,0.605709674,0.691740566,0.676732261,0.711678933,0.698779814,0.76397598,0.767247377,0.790004978,0.866154295,0.842675159,0.868927636,0.853253145,0.905104456,0.954580138,1.013379195,1.103108456,1.048955046,1.130240581,1.139665221,1.193795617,1.335105653,1.344664109,1.360153114,1.479251453,1.491524902,1.615669459,1.677644355,1.688286613,1.82226244,1.985490749,2.024950246,2.147774805,2.383485557,2.448176944,2.449790061,2.519222,2.750520293,2.867717751,2.959907708,3.305519669,3.244504384,3.453834179,3.960709843,4.042908758,4.370136545,4.597512231,5.021207832,5.752099941,6.121528656,6.549742749,7.019674326,7.770823251,8.590369446,9.83873713,10.78921802,11.05884273,12.14322903,12.84161894,14.81672143,16.43256979,16.47879932,20.10357161,20.91158888,24.533291,25.42388734,27.0181503,33.18467678,34.47228576,35.43329837,42.92549525,49.45151694,54.68165992,61.46196172,67.05525299,76.41873664,88.98103898,93.852,102.6703749,111.1820029,116.1350738,114.9703295,117.9461627,88.56310714,83.31139354,63.20944656,78.41180314,120.2917323,234.888927,192.5357283,15,0,42.69,207,432.65,0,2021-208,08:14.9
180,0.016,0,2.18070158,1.182642892,0.817741423,0.55839216,0.469413097,0.415119032,0.383249181,0.327364307,0.304044994,0.269555928,0.254896324,0.241365433,0.214473104,0.181943301,0.175052508,0.165874754,0.158135222,0.164559231,0.159978652,0.17116714,0.175176913,0.190575209,0.198842366,0.181740433,0.187363839,0.190754004,0.177297462,0.180591962,0.165216183,0.167553466,0.154658743,0.15286749,0.138028135,0.136588561,0.122087068,0.113378726,0.107123197,0.110606034,0.104314909,0.110020052,0.10639561,0.106903656,0.102087776,0.107301758,0.101048747,0.105512239,0.112266909,0.117026642,0.118139831,0.131025584,0.123340871,0.121140827,0.128901089,0.131591969,0.129949154,0.130489168,0.132813536,0.132803016,0.132538592,0.12854114,0.132993004,0.124737319,0.121323234,0.114708837,0.119703119,0.124511691,0.125994976,0.114005657,0.10884536,0.117932398,0.101711609,0.111581015,0.103448663,0.109568965,0.106936721,0.110266384,0.110339928,0.111268131,0.109079634,0.114183499,0.111245229,0.115708324,0.124563056,0.132113397,0.13268064,0.136769163,0.140041075,0.148535237,0.15553735,0.158696801,0.15944229,0.151972901,0.164540684,0.175370154,0.174076468,0.169649081,0.170405276,0.173458688,0.173808025,0.180589223,0.169738586,0.185986588,0.179026569,0.180649798,0.192022339,0.189273623,0.183558808,0.190187572,0.193853626,0.186583541,0.204099625,0.198431268,0.193736914,0.197844322,0.196016356,0.205076405,0.21051408,0.194726822,0.206058201,0.204673983,0.205023649,0.202937705,0.207036946,0.213801789,0.21715439,0.217743653,0.224355394,0.21991115,0.210454415,0.225037262,0.225322892,0.227308818,0.233670528,0.244586033,0.265979497,0.246132,0.259303909,0.29458779,0.265219665,0.293631576,0.288889513,0.280864753,0.310007929,0.296225186,0.321513472,0.303242797,0.342149968,0.344862222,0.338024404,0.345682933,0.362291794,0.36131725,0.376112136,0.406803319,0.419110524,0.424849039,0.450987326,0.491608232,0.468678851,0.477004664,0.507572665,0.533927168,0.537851253,0.558653676,0.580907296,0.606799058,0.618426986,0.642132566,0.642367461,0.725965013,0.728424614,0.76782302,0.775210257,0.864118898,0.849131575,0.860246999,0.873458516,0.885928025,0.929187656,1.024190378,1.018520955,1.119043496,1.098473766,1.141666501,1.240642501,1.193795617,1.244891893,1.337939309,1.409361434,1.457114813,1.444936102,1.640279059,1.599809475,1.579123093,1.75568292,1.886274749,1.910937446,2.040053205,2.136536437,2.225411824,2.376236781,2.4678748,2.494011173,2.753779831,2.854623228,3.193889269,3.176561984,3.508116419,3.574021843,4.063630678,4.702987745,5.124230951,5.486529432,5.332359141,5.970115856,6.319672349,7.270621526,7.848858451,8.803841446,9.18273073,9.503618016,10.94522993,13.51800023,13.46254694,14.89259023,16.26495379,17.95346172,20.50733481,20.35122088,23.920859,25.29028414,27.4617471,29.95478878,34.11676576,39.11869037,42.92549525,48.21550094,57.18504232,64.57488972,74.31822899,81.41905664,99.15697498,101.4552,106.7883909,109.0240509,113.8217298,107.9811455,110.9450747,93.32758714,82.48886554,67.03040656,82.44508314,122.0913483,242.155743,176.3816483,15,0,42.69,208,434.73,0,2021-208,08:17.0
180,0.016,0,2.23453038,1.345689932,0.777479023,0.626551648,0.514136617,0.419330296,0.360832797,0.329063859,0.288470594,0.269555928,0.256198084,0.236636857,0.220876688,0.203356869,0.184022108,0.168398882,0.172699382,0.156574911,0.161595676,0.16700666,0.164805841,0.163785449,0.17321139,0.177101073,0.185504831,0.19259874,0.176391862,0.18235497,0.178018743,0.170826554,0.155439095,0.148429602,0.136627879,0.142544977,0.127718044,0.115158854,0.109388413,0.103520306,0.103254685,0.102208532,0.097086298,0.097044328,0.099991776,0.103038846,0.108673259,0.116144943,0.112842941,0.121175346,0.119357303,0.124780144,0.127167431,0.130224475,0.138102113,0.134897569,0.133927778,0.126514576,0.130168928,0.128187496,0.122025184,0.120698324,0.125203564,0.124737319,0.118143554,0.120988197,0.115987727,0.119627467,0.108554144,0.111634713,0.117017328,0.115052078,0.114792537,0.109891895,0.111268503,0.110678277,0.104172241,0.108611536,0.107579608,0.106842147,0.10295413,0.108537419,0.106635437,0.119868228,0.121473296,0.130173909,0.138081984,0.150764043,0.143642195,0.152961989,0.149514694,0.158696801,0.152383122,0.153571749,0.154775948,0.166275178,0.164007988,0.162856121,0.171263676,0.16999104,0.171179641,0.177922151,0.178823386,0.175748316,0.178076009,0.190300358,0.206633539,0.192217271,0.188510008,0.193182196,0.203933946,0.201846581,0.190760585,0.197399588,0.210287314,0.203014722,0.200143972,0.209189429,0.208464992,0.189617062,0.197866457,0.208794431,0.214388833,0.202937705,0.201689586,0.207286653,0.21715439,0.225606949,0.217510978,0.20949995,0.211625519,0.211987566,0.222920396,0.232180626,0.22254336,0.245844593,0.254416009,0.254008224,0.248554725,0.254765454,0.268022737,0.290777112,0.274347753,0.294183313,0.300974713,0.313162722,0.324658304,0.329091117,0.332180176,0.338023822,0.31683298,0.342033717,0.347167314,0.40045325,0.382167912,0.419328823,0.416959132,0.433707535,0.441871038,0.451858696,0.468678851,0.481964344,0.492250873,0.52335744,0.537851253,0.581380844,0.583856064,0.609860978,0.631144298,0.609060566,0.676732261,0.722393493,0.687663014,0.72550558,0.767247377,0.810592178,0.806574775,0.803138519,0.868927636,0.848585305,0.861754696,0.884969898,0.936252795,0.895952936,1.004938406,1.010268421,1.121845701,1.181421857,1.244891893,1.344664109,1.395301914,1.464493693,1.654585702,1.664888659,1.703589315,1.870225813,2.022001,1.955725949,2.024950246,2.169319125,2.170211317,2.225411824,2.363977901,2.7246108,2.696518373,2.768022071,2.989988988,3.209836469,3.397374784,3.598586819,3.767365843,4.208684118,4.525467105,4.573570471,5.176315032,5.556220901,5.667290256,6.319672349,6.732877526,7.146541651,7.821870246,8.80786993,10.27497802,11.57010033,13.70546903,14.35944294,16.03062223,17.18684179,17.86129532,19.59886761,21.47195688,22.083563,25.42388734,27.4617471,31.56973278,33.76124576,39.11869037,40.96706645,45.24906254,52.17827752,57.10386252,64.98011699,70.26449664,79.68996698,86.724,95.46384691,108.4845629,120.7617618,119.0473535,117.9461627,92.85113914,79.19875354,68.41984656,81.23509914,132.2891723,237.311199,177.3318883,15,0,42.69,209,436.8,0,2021-208,08:19.0
180,0.016,0,2.05151246,1.282979532,0.797610223,0.567282528,0.514136617,0.400379608,0.392589341,0.334162515,0.314947074,0.305353528,0.243180484,0.222451129,0.214473104,0.195570117,0.175949468,0.17092301,0.161371702,0.155776479,0.159978652,0.17532762,0.179498193,0.192361193,0.194265406,0.187307665,0.177139295,0.191676372,0.180919862,0.175302938,0.173751223,0.167553466,0.162462263,0.155086434,0.137328007,0.133279441,0.128343708,0.10685159,0.112219933,0.106245586,0.105905245,0.106895444,0.104326874,0.099638888,0.119903776,0.107301758,0.115208555,0.115585327,0.117451197,0.118211986,0.118748567,0.119159248,0.122703111,0.122438491,0.133501601,0.127625249,0.131275362,0.135126192,0.130168928,0.132803016,0.13319568,0.136383956,0.123905324,0.133097255,0.128954466,0.128523429,0.115987727,0.117185355,0.11577104,0.110449241,0.109429072,0.11678027,0.115930009,0.102009335,0.106800023,0.110123621,0.113018577,0.104750224,0.10371516,0.111821379,0.110193362,0.111360459,0.116431245,0.11451978,0.11961944,0.126941429,0.138757152,0.144466347,0.152284883,0.145584069,0.161560006,0.161769953,0.166501458,0.159967141,0.165354412,0.16379473,0.173237428,0.174743801,0.163538076,0.175192512,0.165046745,0.170809959,0.168830106,0.17295606,0.184729929,0.18740519,0.190074179,0.185348759,0.196431928,0.208155316,0.214014266,0.200829045,0.197943145,0.188114468,0.187530514,0.194742082,0.193952548,0.191709077,0.192072288,0.184507302,0.186602809,0.197463199,0.199820769,0.207154921,0.200620114,0.214887645,0.237041942,0.217743653,0.23690349,0.24536075,0.228020975,0.24045963,0.24454286,0.250449906,0.22872512,0.245844593,0.246707017,0.254008224,0.244523781,0.269870478,0.275030417,0.26080524,0.262714345,0.300102673,0.294952569,0.29468541,0.313651392,0.330706637,0.337165072,0.324347022,0.35215202,0.376701269,0.366072914,0.41023725,0.426576936,0.427679159,0.416959132,0.429278287,0.441871038,0.449520488,0.447018083,0.469565144,0.471821817,0.518072576,0.502249557,0.521722028,0.566163456,0.551684498,0.59617169,0.642132566,0.673295781,0.690249813,0.721013414,0.7562819,0.834931857,0.822944498,0.849131575,0.886604759,0.955014356,0.946609945,0.991803976,1.009273898,0.997953915,0.980939816,1.048955046,1.050259141,1.121845701,1.249477537,1.270667253,1.378288109,1.395301914,1.427599293,1.569172902,1.615669459,1.556567875,1.742868373,1.784217,1.945804349,2.035315046,2.244724245,2.203886197,2.260585264,2.388495661,2.6090796,2.588514533,2.810748791,2.989988988,3.034417269,3.380389184,3.906186179,3.864037843,4.187962198,4.236996065,4.621453991,4.788547032,5.164462821,5.697572816,6.385406749,6.912125526,7.770823251,8.889230246,9.27644593,10.27497802,11.68371313,13.45551063,13.46254694,14.58911503,17.27064979,18.69079292,20.10357161,22.92891368,26.4930734,28.09595134,28.6446719,33.18467678,37.13868576,40.08853037,45.31913045,50.44032974,60.24473192,64.57488972,68.78453299,77.18801664,90.75076698,93.852,99.06711091,111.7214909,118.4484178,112.0581695,115.0290427,97.13917114,86.60150554,67.72512656,80.83177114,122.0913483,239.733471,183.9835683,15,0,42.69,210,438.88,0,2021-208,08:21.1
180,0.016,0,2.22376462,1.276708492,0.813715183,0.614697824,0.496744137,0.42354156,0.383249181,0.352857587,0.302487554,0.30248972,0.269215684,0.236636857,0.21874216,0.205303557,0.173258588,0.15830237,0.154089622,0.150187455,0.150276508,0.1586857,0.167398609,0.177180329,0.17778835,0.182668305,0.188293343,0.191676372,0.180014262,0.184117978,0.167776695,0.154461114,0.160901559,0.152127842,0.136627879,0.134603089,0.12083574,0.112191974,0.115051453,0.110606034,0.110146141,0.108457748,0.102775322,0.10534692,0.107327776,0.110498942,0.105950219,0.110548783,0.105354525,0.109914578,0.112661207,0.1241556,0.113774471,0.114652507,0.134158817,0.127625249,0.125307426,0.131814032,0.132813536,0.140055976,0.127281888,0.127234004,0.126501804,0.124737319,0.127682594,0.115336773,0.115987727,0.116574827,0.110959776,0.111634713,0.112931344,0.11389995,0.104555289,0.111581015,0.109034263,0.101803781,0.105278033,0.109714768,0.097090392,0.103522659,0.109636498,0.110231243,0.108940333,0.11749114,0.120855344,0.126294933,0.11917728,0.129071979,0.140041075,0.136730565,0.14048071,0.148709057,0.15944229,0.162365413,0.159658316,0.152219306,0.162329908,0.166252601,0.166971676,0.1743256,0.169427385,0.173477031,0.177006426,0.178540572,0.190433289,0.20188103,0.204685379,0.202029431,0.203363608,0.227121268,0.189821498,0.193706293,0.205125705,0.183987748,0.202012114,0.195776162,0.198080164,0.194793845,0.201293184,0.182463398,0.211178041,0.198493311,0.197739617,0.198720489,0.194203282,0.212715933,0.207210614,0.224483621,0.200399938,0.22222475,0.208112207,0.226223598,0.230127884,0.239488338,0.249743104,0.239551793,0.253131177,0.243506592,0.260647557,0.278109582,0.289045777,0.300767736,0.287435337,0.307501873,0.291941497,0.299304738,0.31050656,0.332322157,0.31888712,0.344862222,0.346854164,0.354805973,0.354729554,0.38088525,0.386205096,0.442292247,0.43632166,0.424849039,0.453266398,0.475240776,0.437391075,0.449726424,0.476929081,0.49693312,0.537851253,0.567176364,0.569112224,0.542498738,0.583454378,0.622289366,0.673295781,0.736679573,0.746952614,0.80629342,0.830950417,0.810592178,0.900199735,0.912962519,0.973137876,0.923270745,0.909921096,1.009273898,0.967103355,0.986251496,1.010440486,1.118814661,1.086206661,1.187608737,1.328661813,1.398462509,1.409361434,1.471872573,1.654585702,1.640279059,1.668996035,1.733771413,1.75568292,1.856509949,1.962761446,2.137002645,1.979386997,2.225411824,2.413013421,2.5448956,2.696518373,2.881959991,3.020070268,3.130100469,3.261489984,3.634774979,3.419346643,3.711358038,4.059475425,4.501745191,4.891951832,5.164462821,6.091246096,6.648344349,7.378170326,7.965911251,8.547675046,9.83873713,10.37782602,12.08135793,12.58065623,13.80750694,14.58911503,16.09733779,18.32212732,19.69980841,20.68744168,23.7983726,26.35910974,28.6446719,31.24674398,33.22796576,34.46345837,43.14309845,47.22668814,54.95981352,58.97161932,69.82210099,75.26481664,87.65374298,91.0008,111.9359109,120.3532989,121.9184338,125.4541055,127.2809467,98.56851514,80.84380954,65.29360656,75.58850714,113.6931403,227.622111,183.0333283,15,0,42.69,211,440.96,0,2021-208,08:23.2
180,0.016,0,1.9869179,1.176371852,0.797610223,0.576172896,0.476867017,0.419330296,0.388853277,0.359655795,0.302487554,0.289602584,0.257499844,0.216540409,0.212338576,0.205303557,0.174155548,0.160826498,0.149234902,0.169349823,0.161595676,0.157853604,0.169127121,0.189682217,0.175957566,0.192874897,0.184575327,0.19259874,0.180919862,0.175302938,0.175458231,0.16509865,0.155439095,0.148429602,0.144329287,0.126661201,0.120210076,0.116938982,0.115051453,0.109515922,0.102724573,0.099604692,0.099672218,0.10275236,0.102087776,0.102505982,0.108673259,0.115585327,0.123787549,0.118211986,0.129097079,0.131025584,0.132269511,0.134766299,0.126929441,0.132253089,0.123981218,0.132476464,0.122896256,0.133462376,0.127938976,0.123312596,0.122607084,0.122808103,0.116871682,0.118476453,0.124037743,0.119627467,0.115169632,0.115191129,0.118768464,0.112747822,0.104555289,0.108202775,0.107917143,0.110678277,0.103066449,0.10530184,0.103163096,0.105182403,0.107965906,0.110231243,0.114126349,0.119273956,0.121473296,0.130820405,0.132005472,0.130471467,0.140041075,0.132303813,0.13671655,0.147172481,0.152383122,0.161565989,0.154775948,0.16379473,0.164847028,0.166252601,0.160104476,0.16132192,0.163294489,0.160141671,0.165196186,0.169233052,0.177125449,0.17775463,0.180333379,0.188292407,0.192470968,0.197175028,0.19586969,0.197776437,0.208203945,0.191209508,0.197874514,0.198878402,0.201175876,0.198906869,0.203342272,0.196770726,0.199914393,0.205704095,0.195658465,0.207154921,0.205967474,0.206200797,0.223783574,0.226730277,0.223214658,0.22106795,0.231534287,0.229782606,0.243341612,0.233398578,0.238615936,0.243327473,0.241567689,0.238255776,0.253929317,0.247899534,0.245598161,0.256523544,0.264168521,0.286784113,0.306996857,0.297764962,0.319941056,0.317782477,0.312240592,0.312379822,0.332726548,0.354805973,0.369854034,0.38284205,0.386205096,0.433941911,0.427716092,0.449209903,0.44415011,0.437829448,0.456645091,0.422448184,0.466714553,0.502217984,0.546067029,0.592744428,0.595651136,0.612922898,0.637502954,0.655361366,0.680168741,0.679535253,0.669135014,0.72550558,0.771228817,0.806474738,0.857642935,0.926141399,0.941421716,0.988620505,0.953270856,0.964524458,1.039087995,1.049991656,1.065461286,1.124527621,1.199063621,1.243290657,1.277111093,1.337939309,1.332034074,1.420220413,1.561408102,1.681295059,1.790072515,1.788353173,1.8317738,1.866431549,2.024950246,2.126230485,2.046736757,2.213687344,2.180094701,2.3523436,2.548013093,2.654084151,2.974948348,3.225783669,3.346417984,3.634774979,3.709362643,3.856411478,4.281376225,4.812988071,4.814398232,5.360341861,5.697572816,6.319672349,6.804576726,7.341629651,8.248814246,9.13587313,10.63494602,10.94522993,12.76812503,14.29045094,15.19606543,16.60018579,19.24379132,20.60827561,21.69610408,25.6356686,26.62631614,29.8275967,32.37720478,33.93900576,35.43329837,45.97194005,48.46270414,58.57581032,62.39584012,72.93480499,77.95729664,88.53860698,92.9016,103.1851269,114.9584189,117.2917458,118.4649215,119.1130107,99.99785914,82.48886554,71.19872656,82.44508314,109.4940363,222.777567,187.7845283,15,0,42.69,212,443.04,0,2021-208,08:25.3
180,0.016,0,2.16993582,1.151287692,0.809688943,0.57320944,0.471897737,0.425647192,0.400061469,0.335862067,0.322734274,0.30248972,0.269215684,0.233090425,0.210204048,0.192650085,0.179537308,0.160826498,0.168653782,0.170946687,0.156744604,0.173663428,0.169127121,0.179859305,0.18236531,0.180812561,0.178998303,0.176918484,0.173675062,0.177065946,0.164362679,0.161825562,0.164022967,0.153607138,0.133127239,0.135264913,0.13334902,0.121092614,0.116750365,0.116056594,0.114917149,0.112103124,0.107429978,0.1131306,0.105755776,0.104637438,0.113574731,0.110548783,0.111690877,0.121175346,0.109617527,0.120408336,0.123340871,0.126331483,0.131529953,0.138864289,0.136580194,0.142412944,0.131491232,0.130824936,0.127938976,0.1252733,0.126501804,0.126023463,0.119415426,0.119732325,0.118464655,0.122069579,0.118176672,0.118154809,0.110596496,0.116204206,0.117636217,0.112707095,0.108475703,0.107350341,0.104172241,0.104198608,0.109787864,0.106288899,0.104624722,0.110231243,0.117007469,0.116302596,0.11961944,0.125648437,0.1293048,0.137468907,0.139320851,0.139681733,0.148761862,0.154087073,0.154736178,0.166362533,0.154775948,0.17206289,0.170720308,0.168799961,0.185856476,0.177793248,0.158037721,0.177033127,0.188816666,0.185986588,0.188532169,0.199950918,0.194944579,0.186329975,0.185539288,0.192183988,0.202925914,0.196758901,0.199995305,0.194304548,0.187530514,0.211287362,0.208399204,0.206104661,0.199244096,0.196770726,0.200938361,0.196433087,0.205023649,0.202937705,0.19313381,0.215973501,0.224888438,0.205387045,0.217510978,0.23379275,0.230363183,0.225037262,0.243341612,0.245578098,0.244797696,0.235776113,0.233858697,0.263197152,0.247211077,0.252019086,0.258211985,0.262232472,0.261260169,0.271985713,0.296458105,0.282367202,0.291637568,0.317782477,0.328856912,0.353410222,0.348620116,0.338384501,0.369854034,0.36718765,0.392260872,0.390102647,0.429867484,0.420419791,0.460103614,0.47056436,0.466272099,0.504282904,0.497358137,0.539212032,0.535112661,0.55581278,0.586804832,0.591489458,0.56437841,0.566066966,0.628621541,0.636677013,0.683957414,0.6985763,0.767247377,0.814709618,0.874665655,0.864639959,0.873458516,0.918602905,0.962904136,0.999329578,1.023662715,1.119043496,1.136988326,1.113101701,1.121845701,1.193795617,1.264223413,1.290865709,1.395301914,1.427599293,1.491524902,1.525434259,1.634402755,1.706480533,1.784217,1.906117949,1.983491046,2.126230485,2.203886197,2.319207664,2.376236781,2.5063852,2.737019813,2.953171191,2.899745148,3.305519669,3.125605184,3.327175619,3.786700243,4.042908758,4.614227425,4.812988071,5.408975832,6.087892581,6.394071696,6.549742749,6.840426326,7.809840851,7.821870246,9.22958833,9.246498016,10.66119793,11.76829143,13.80750694,15.19606543,17.52207379,18.13779452,20.40639401,22.36854568,24.533291,26.75991934,28.6446719,33.50766558,34.11676576,35.62726637,45.75433685,48.70990734,58.85396392,59.90549772,69.13038899,77.18801664,91.63563098,98.604,105.7588869,110.1030269,121.3400978,117.3000575,113.8621947,91.89824314,81.66633754,67.03040656,81.63842714,120.8916043,230.044383,183.9835683,15,0,42.69,213,445.11,0,2021-208,08:27.3
180,0.016,0,2.0945755,1.251624332,0.761374063,0.582099808,0.481836297,0.467759832,0.358964765,0.340960723,0.319619394,0.286738776,0.258801604,0.244911865,0.220876688,0.195570117,0.185816028,0.161667874,0.165417302,0.152582751,0.146233948,0.165342468,0.163077329,0.179859305,0.18694227,0.185451921,0.187363839,0.193521108,0.180919862,0.179710458,0.169483703,0.16100729,0.149196279,0.139553826,0.126826087,0.124675729,0.119584412,0.113972102,0.110521021,0.11387637,0.110676253,0.105853908,0.102775322,0.108460392,0.108899776,0.105703166,0.115208555,0.103273775,0.110538813,0.10458053,0.119357303,0.122906512,0.123340871,0.127629147,0.128901089,0.128947489,0.12928605,0.1311516,0.122235104,0.122912616,0.125967712,0.130501844,0.129747404,0.125380391,0.124502914,0.122244069,0.122180047,0.125122219,0.112764,0.114598393,0.112931344,0.11101963,0.116498745,0.113270135,0.113502743,0.112342245,0.109701201,0.104750224,0.10095484,0.097990179,0.106852178,0.109102027,0.120464813,0.119273956,0.120855344,0.133406389,0.138757152,0.141667371,0.144362419,0.141895109,0.14800903,0.158696801,0.148461362,0.155170597,0.151521036,0.153872938,0.148905268,0.155214041,0.160962876,0.162188832,0.163294489,0.169031911,0.185182746,0.185986588,0.194235529,0.20188103,0.188126019,0.196142135,0.183558808,0.192183988,0.173692986,0.187601077,0.189734505,0.198431268,0.202012114,0.196810242,0.200143972,0.204048149,0.187974112,0.200858534,0.209130105,0.197463199,0.205023649,0.217697961,0.205967474,0.199685661,0.20610575,0.219990309,0.21408877,0.22916555,0.209283311,0.226223598,0.239737868,0.230962674,0.221307008,0.247103153,0.245422185,0.242193888,0.240492837,0.264377742,0.275030417,0.270795864,0.262714345,0.277905073,0.291941497,0.293145634,0.290065152,0.311320397,0.322210384,0.314089422,0.32566274,0.360279797,0.394431314,0.42197805,0.426576936,0.444379831,0.423413308,0.440351407,0.457824542,0.461211528,0.461458595,0.464605464,0.469268185,0.502217984,0.524158293,0.561494572,0.57500976,0.603737138,0.583454378,0.675204566,0.693914661,0.733108053,0.702485414,0.74474078,0.783173137,0.851766578,0.849131575,0.917355479,0.891582036,0.979284825,0.982170696,0.884969898,0.936252795,1.092485096,1.114980006,1.135953541,1.139665221,1.274225057,1.264223413,1.304315309,1.388272154,1.471872573,1.584702502,1.574653459,1.651699395,1.770159253,1.74617156,1.906117949,1.952396646,2.040053205,2.013061877,2.237136304,2.645932141,2.5448956,2.939527013,2.910444471,3.125354748,3.321466869,3.295461184,3.616680899,3.825369043,3.939299158,4.658607585,4.980580391,5.305571032,5.248410981,6.363789136,6.911281949,7.091373526,7.965911251,8.547675046,9.37016113,9.915010016,10.66119793,12.08073943,13.04859494,15.19606543,16.26495379,17.40046332,19.80074921,22.59269288,24.9007502,25.42388734,28.2010751,31.40823838,35.00556576,39.31265837,43.57830485,48.21550094,55.23796712,64.57488972,69.47624499,79.11121664,85.44158298,100.0296,109.8769029,106.3266109,114.9784018,117.3000575,113.8621947,93.32758714,80.43254554,71.19872656,80.02511514,113.6931403,243.366879,186.8342883,15,0,42.69,214,447.19,0,2021-208,08:29.4
180,0.016,0,2.1484043,1.232811212,0.849951343,0.611734368,0.514136617,0.446703512,0.383249181,0.352857587,0.286913154,0.28817068,0.254896324,0.227179705,0.207002256,0.198490149,0.170567708,0.167557506,0.167844662,0.166954527,0.156744604,0.171999236,0.165670097,0.187896233,0.171380606,0.177101073,0.192011359,0.175996116,0.170052662,0.177065946,0.169483703,0.16509865,0.163242615,0.155826082,0.143629159,0.129308497,0.125841052,0.113972102,0.111087325,0.10570053,0.102724573,0.10533314,0.10898153,0.104309096,0.106279776,0.101440254,0.107584043,0.108310319,0.109962781,0.119990002,0.123009719,0.132274672,0.128442951,0.130873307,0.123643361,0.134897569,0.12597053,0.130489168,0.142730816,0.130165576,0.132538592,0.123966164,0.126501804,0.124737319,0.119415426,0.114708837,0.117226191,0.119627467,0.117575264,0.114005657,0.114098768,0.109867502,0.106261497,0.109891895,0.105682903,0.102913093,0.108042513,0.115782544,0.107579608,0.113481123,0.11409141,0.118135755,0.116431245,0.121056772,0.12579896,0.130820405,0.126604128,0.140967627,0.142921971,0.142632901,0.131446726,0.149477345,0.146892658,0.160766565,0.169423052,0.153872938,0.162329908,0.157761401,0.174697276,0.170857952,0.170303513,0.176144103,0.173372506,0.195294108,0.182828809,0.198020806,0.202737219,0.182405111,0.184549048,0.192183988,0.202925914,0.202864117,0.190760585,0.193272868,0.195805714,0.191639842,0.198080164,0.191709077,0.201293184,0.208012198,0.184554873,0.195402975,0.194617889,0.193448969,0.202759058,0.208372509,0.213839798,0.228976933,0.215229506,0.23379275,0.226849871,0.22859627,0.23853662,0.239488338,0.248506752,0.235776113,0.235143529,0.255320928,0.244523781,0.26712411,0.269424273,0.262232472,0.272893577,0.280864753,0.291941497,0.311622946,0.307361728,0.312935917,0.332180176,0.346571822,0.315067028,0.349332149,0.366072914,0.39458285,0.39024228,0.419328823,0.451381404,0.453639151,0.464661758,0.472902568,0.461458595,0.447246584,0.502465401,0.520715008,0.513203925,0.538767404,0.572060992,0.576179858,0.634323626,0.668590166,0.728279461,0.708107413,0.735835814,0.74474078,0.767247377,0.790004978,0.815086135,0.882211799,0.923298196,0.927938585,0.986987336,0.994357418,0.956819835,1.012809896,1.048955046,1.090249861,1.133725381,1.156674337,1.283554933,1.311040109,1.346093594,1.434978173,1.444936102,1.509027859,1.582512835,1.633704853,1.82226244,1.985490749,2.159692646,2.201635605,2.327360757,2.307483184,2.351719021,2.5962428,2.615515493,2.668326391,2.959907708,3.066311669,3.091633984,3.526210499,3.728697043,4.125796438,4.081665505,4.765104551,4.917803032,5.528238181,6.212376336,6.188203549,6.840426326,7.770823251,8.504980646,9.51073393,10.42925002,11.05884273,12.14322903,13.11758694,16.03062223,17.35445779,17.95346172,18.99322281,21.47195688,22.8184814,25.29028414,27.3138815,32.21571038,35.36108576,39.31265837,44.44871765,50.68753294,54.68165992,58.97161932,68.43867699,73.34161664,85.44158298,92.9016,107.3031429,113.8794429,116.1350738,120.7946495,120.2798587,93.32758714,82.07760154,69.11456656,78.41180314,113.0932683,227.622111,177.3318883,15,0,42.69,215,449.27,0,2021-208,08:31.5
180,0.016,0,2.19146734,1.188913932,0.725137903,0.57320944,0.474382377,0.404590872,0.355228701,0.332462963,0.319619394,0.276715448,0.274422724,0.243729721,0.216607632,0.202383525,0.190300828,0.17512989,0.158135222,0.158171775,0.159978652,0.164510372,0.162213073,0.174501353,0.187857662,0.183596177,0.186434335,0.181530324,0.184542262,0.165606394,0.167776695,0.160189018,0.149976631,0.142512418,0.121925191,0.138574033,0.123338396,0.103291334,0.113918845,0.11387637,0.102194461,0.10793698,0.099155034,0.101714536,0.091607776,0.096644478,0.099414923,0.102714159,0.108810717,0.11347061,0.118139831,0.12103288,0.127805191,0.132819803,0.140730977,0.138203169,0.134590882,0.140425648,0.13083008,0.134781096,0.131881504,0.126580436,0.120659724,0.129881895,0.123866978,0.119104389,0.118464655,0.122069579,0.122386528,0.115191129,0.110012784,0.115052078,0.109105177,0.101446295,0.101772983,0.106241029,0.107489617,0.103646992,0.101506904,0.102416163,0.10852277,0.109666635,0.108940333,0.113925508,0.124563056,0.130173909,0.133355808,0.141667371,0.140041075,0.138943941,0.15177319,0.150245633,0.137480434,0.160766565,0.153148492,0.15552657,0.166525108,0.156063161,0.168688476,0.166523392,0.168551257,0.176144103,0.194267546,0.178540572,0.172372649,0.174859462,0.176437059,0.178480247,0.170685688,0.192183988,0.188813466,0.189636149,0.192812745,0.192241188,0.210287314,0.208185122,0.206335396,0.210217685,0.206415904,0.195748774,0.190698681,0.213944991,0.203983073,0.207154921,0.208106418,0.220316925,0.219364118,0.221113637,0.21408877,0.24536075,0.223336559,0.24045963,0.224121644,0.215129298,0.237379584,0.228224753,0.232573865,0.25925904,0.243180133,0.269870478,0.276431953,0.270795864,0.283072809,0.292703473,0.285919353,0.291605858,0.313651392,0.312935917,0.330518544,0.341443022,0.350386068,0.371227445,0.384978514,0.38479885,0.408409608,0.413066071,0.419110524,0.435922159,0.453266398,0.47056436,0.475899107,0.459645784,0.484589977,0.507502848,0.529635477,0.538767404,0.557317152,0.609860978,0.647040938,0.658668566,0.697351141,0.729536533,0.713602214,0.79090526,0.775210257,0.822944498,0.815086135,0.847068119,0.887051156,0.932606425,0.895471176,0.969496618,1.008237435,1.065926696,1.026946726,1.050259141,1.127785541,1.230916897,1.141790453,1.270691309,1.275795994,1.420220413,1.584702502,1.812546259,1.694940995,1.842934933,1.8793306,1.935882749,1.993855846,2.018508885,2.035511797,2.260585264,2.498825581,2.6219164,2.615515493,2.611357431,2.989988988,2.938734069,3.108619584,3.471928259,3.825369043,4.187962198,4.347946465,4.932696871,5.305571032,6.003944421,6.272941456,6.911281949,7.163072726,7.653770451,8.334203046,9.13587313,10.27497802,10.71800433,12.33069783,12.77262694,15.27193423,16.01352979,17.40046332,19.29604521,22.14439848,23.920859,27.42793534,29.9754623,32.05421598,35.71660576,38.14885037,41.83747925,44.50745294,56.35058152,61.15066892,71.55138099,74.11089664,92.07806298,95.2776,97.00810291,104.7081469,111.5083858,112.6406015,116.1958907,92.37469114,82.48886554,71.89344656,79.21845914,117.8922443,265.167327,177.3318883,15,0,42.69,216,451.35,0,2021-208,08:33.6
180,0.016,0,2.2022331,1.289250572,0.878135023,0.623588192,0.494259497,0.448809144,0.373909021,0.327364307,0.311832194,0.27385164,0.247085764,0.231908281,0.212338576,0.203356869,0.179537308,0.174288514,0.159753462,0.158970207,0.157553116,0.169502948,0.169127121,0.187003241,0.185111486,0.177101073,0.181786815,0.176918484,0.174580662,0.175302938,0.167776695,0.16509865,0.155439095,0.143991714,0.135227623,0.129308497,0.12396406,0.114565478,0.116750365,0.106790642,0.101664349,0.104291604,0.106912794,0.094449768,0.099991776,0.108367486,0.108673259,0.112787247,0.114571037,0.117026642,0.116922359,0.12727832,0.127167431,0.128926811,0.126929441,0.129608609,0.13260157,0.119890256,0.120251648,0.121593896,0.124653536,0.13507682,0.140133324,0.133740327,0.132770082,0.129151365,0.124656975,0.125732747,0.118176672,0.118747545,0.112347632,0.111595694,0.108536441,0.105950615,0.105682903,0.104577061,0.104725137,0.11357608,0.110891992,0.106842147,0.109636498,0.113618891,0.109516557,0.11749114,0.124563056,0.128234421,0.12592896,0.130471467,0.128517491,0.138943941,0.151020358,0.155623649,0.153167474,0.159967141,0.164540684,0.160487466,0.174076468,0.170498201,0.170405276,0.169124128,0.165922873,0.179700199,0.174280986,0.170163804,0.172372649,0.189335302,0.187151939,0.200066999,0.195441688,0.188191156,0.193853626,0.197776437,0.203073545,0.196367908,0.198908914,0.201980642,0.188793028,0.197878613,0.1900232,0.199836582,0.187626777,0.197463199,0.207104801,0.205046313,0.204898002,0.209458365,0.22267871,0.207633701,0.217510978,0.22222475,0.224507663,0.244018638,0.231329132,0.232180626,0.226252416,0.245844593,0.237713193,0.25925904,0.241836485,0.245153166,0.254007377,0.276504792,0.268531049,0.292703473,0.291941497,0.316242274,0.2947824,0.316166957,0.328856912,0.332895022,0.330960596,0.342033717,0.350948434,0.37892845,0.3599634,0.427679159,0.416959132,0.435922159,0.441871038,0.45887332,0.487932867,0.486924024,0.487143609,0.502217984,0.526896885,0.55581278,0.563214688,0.600675218,0.634323626,0.625596566,0.656113381,0.675963733,0.698779814,0.7755171,0.755303057,0.822944498,0.806574775,0.829496279,0.873458516,0.932606425,0.924371016,0.969496618,1.003095675,1.055303336,1.131486246,1.147379461,1.163424581,1.292785697,1.238448053,1.391737709,1.472629274,1.383326013,1.569172902,1.541840659,1.755479235,1.879322773,1.86030788,2.084706749,2.035315046,2.180091285,2.226336117,2.401279024,2.278165741,2.5063852,2.453509733,2.668326391,2.839582588,3.289572469,3.448331584,3.598586819,3.883372243,4.250127958,4.436706785,4.717221031,5.253868632,5.472272741,5.637007696,6.648344349,7.593267926,8.317069651,8.675758246,8.80786993,10.12070602,11.05884273,12.26820823,13.60053094,15.04432783,16.09733779,17.86129532,19.49792681,23.04098728,26.370587,28.63036414,30.8626559,33.50766558,34.29452576,37.17901037,42.92549525,46.48507854,51.06566312,56.16998412,67.05525299,80.64977664,88.53860698,98.604,107.8178949,107.4055869,111.5083858,108.5635775,113.8621947,89.03955514,75.90864154,67.03040656,78.41180314,119.0919883,255.478239,188.7347683,15,0,42.69,217,453.43,0,2021-208,08:35.7
180,0.016,0,2.23453038,1.301792652,0.805662703,0.564319072,0.479351657,0.415119032,0.372040989,0.327364307,0.324291714,0.28817068,0.269215684,0.228361849,0.19739688,0.191676741,0.177743388,0.168398882,0.150044022,0.162163935,0.151893532,0.157021508,0.161348817,0.180752297,0.19609619,0.183596177,0.183645823,0.19259874,0.188164662,0.192051514,0.166923191,0.170008282,0.150756983,0.151388194,0.139428391,0.137912209,0.122712732,0.11575223,0.118449277,0.112241202,0.101664349,0.101166996,0.107429978,0.106384744,0.101563776,0.10890035,0.108673259,0.117823791,0.116299133,0.119990002,0.118139831,0.129776496,0.132907271,0.121140827,0.135473249,0.136880929,0.137243298,0.12452728,0.128846624,0.134781096,0.127938976,0.13180898,0.128449164,0.131811111,0.135313826,0.127895493,0.123418511,0.126953803,0.117575264,0.111041977,0.106510512,0.110443566,0.109105177,0.104261495,0.103448663,0.101249125,0.108042513,0.104750224,0.109787864,0.108501891,0.103510994,0.111360459,0.109516557,0.116302596,0.122091248,0.140517845,0.128629632,0.137468907,0.140041075,0.151486405,0.137469382,0.135648161,0.164932754,0.163964261,0.161285772,0.158833834,0.165686068,0.175592921,0.160962876,0.176059424,0.176436409,0.179700199,0.169738586,0.171094556,0.177125449,0.18740519,0.191048259,0.203991863,0.196431928,0.19617682,0.197885754,0.203881653,0.203073545,0.196367908,0.197874514,0.210253282,0.20220778,0.195822101,0.197195008,0.210056102,0.205034233,0.207764319,0.207104801,0.216643657,0.20917589,0.218145213,0.21163007,0.219990309,0.220933186,0.22685195,0.222165455,0.215546574,0.216914156,0.221219058,0.238615936,0.257171633,0.267264329,0.261884448,0.266022149,0.264377742,0.290447313,0.28934988,0.275801929,0.304542193,0.282908281,0.313162722,0.308934144,0.309704877,0.325533648,0.326056622,0.34332226,0.351156757,0.379306834,0.39066925,0.37005636,0.394277815,0.39329382,0.413775919,0.435033822,0.475240776,0.461458595,0.477004664,0.487143609,0.518072576,0.557021397,0.587062636,0.563214688,0.566994098,0.618426986,0.648746966,0.649240421,0.700964373,0.735835814,0.72165854,0.826968977,0.822944498,0.857642935,0.851461079,0.877989396,0.974616985,0.914737736,1.034134698,0.977386875,1.087173416,1.059959206,1.095962821,1.258462021,1.193795617,1.277111093,1.337939309,1.388272154,1.449735933,1.522584102,1.705904659,1.807369155,1.797450133,1.84128516,2.094628349,1.848748646,2.018508885,2.001836917,2.213687344,2.278165741,2.5063852,2.575014053,2.896202231,3.230639228,3.385255669,3.516273984,3.562398659,3.825369043,4.187962198,4.769557985,4.501745191,5.021207832,5.500255461,6.151811216,6.549742749,7.091373526,7.497700051,7.907259046,9.32330353,10.32640202,12.47900273,12.89310423,13.66952294,15.65127823,16.85160979,17.40046332,19.90169001,20.35122088,24.1658318,25.55749054,28.7925375,31.89272158,34.47228576,35.82123437,43.36070165,47.72109454,52.73458472,63.64101132,69.13038899,73.34161664,87.65374298,92.9016,105.2441349,106.3266109,113.8217298,113.8054655,111.5284987,88.08665914,82.07760154,67.72512656,79.62178714,118.4921163,245.789151,197.2869283,15,0,42.69,218,455.5,0,2021-208,08:37.7
180,0.016,0,2.22376462,1.314334732,0.777479023,0.602844,0.494259497,0.44459788,0.377645085,0.334162515,0.305602434,0.293898296,0.264008644,0.224815417,0.201665936,0.195570117,0.185816028,0.165033378,0.171890262,0.160567071,0.1632127,0.173663428,0.169991377,0.176287337,0.171380606,0.181740433,0.182716319,0.188909268,0.170052662,0.176184442,0.172044215,0.162643834,0.152317687,0.152127842,0.138028135,0.129308497,0.129595036,0.120499238,0.112786237,0.100795026,0.103784797,0.1027293,0.102258138,0.098601064,0.103659776,0.107834622,0.111396299,0.105512239,0.116875165,0.118211986,0.113878679,0.121657424,0.123340871,0.123087323,0.123643361,0.127625249,0.128622946,0.127177008,0.123557408,0.126868776,0.1266248,0.129194708,0.127800044,0.139527975,0.132134146,0.129151365,0.121560815,0.118406411,0.109155552,0.116376601,0.115849904,0.110443566,0.102849081,0.105387575,0.109034263,0.100694469,0.105278033,0.115782544,0.10371516,0.106288899,0.105181586,0.110231243,0.113550125,0.125810948,0.130124624,0.122415957,0.127279296,0.129771723,0.140041075,0.135992773,0.138975046,0.137953025,0.152383122,0.159167717,0.156403404,0.169582442,0.167364148,0.164554361,0.182422876,0.166523392,0.179940921,0.187701415,0.173372506,0.180402076,0.176174889,0.18257991,0.188126019,0.178480247,0.172666168,0.188191156,0.193853626,0.196758901,0.191786665,0.182956068,0.207184114,0.212321442,0.20220778,0.206104661,0.193096832,0.186551206,0.190698681,0.184071743,0.188374433,0.198720489,0.215592722,0.212715933,0.214944662,0.226730277,0.220933186,0.22569515,0.220994351,0.239273294,0.23253038,0.229744722,0.246034048,0.244586033,0.250561513,0.235630368,0.251242021,0.263004558,0.279235025,0.2679414,0.277256105,0.300102673,0.284413817,0.323941154,0.2947824,0.321013517,0.305594064,0.303831822,0.34332226,0.343858325,0.373635154,0.36523085,0.374093544,0.400540567,0.41480774,0.449209903,0.464661758,0.491608232,0.485526115,0.486924024,0.530555353,0.54978176,0.565237173,0.550130988,0.5897536,0.566994098,0.608889002,0.648746966,0.717970021,0.733108053,0.735835814,0.76397598,0.803080337,0.822944498,0.849131575,0.847068119,0.900643796,0.923270745,0.914737736,0.954580138,0.961961595,0.970316456,0.905900966,1.078823941,1.074326981,1.175234977,1.257779573,1.324489709,1.353123354,1.434978173,1.561408102,1.566450259,1.694940995,1.770159253,1.82226244,1.916039549,1.993855846,2.104686165,2.170211317,2.284034224,2.523343341,2.6989372,2.953027493,3.010140151,3.020070268,3.177942069,3.278475584,3.616680899,3.728697043,4.001464918,4.458896865,4.932696871,5.021207832,5.500255461,5.727855376,6.516875549,6.804576726,8.121981651,8.163425446,9.04215793,9.915010016,11.17245553,12.70563543,13.11758694,15.12019663,16.68399379,16.75529852,19.19510441,19.79085288,24.4108046,25.55749054,26.1309567,28.50133918,33.22796576,35.62726637,40.96706645,46.48507854,53.56904552,63.01842572,68.78453299,76.41873664,89.42347098,89.5752,104.7293829,105.7871229,123.0751058,115.5527615,113.2787707,93.80403514,83.31139354,69.11456656,86.47836314,114.8928843,249.422559,188.7347683,15,0,42.69,219,457.58,0,2021-208,08:39.8
180,0.016,0,2.29912494,1.188913932,0.741242863,0.546538336,0.489290217,0.42354156,0.362700829,0.349458483,0.328964034,0.2953302,0.261405124,0.231908281,0.198464144,0.187783365,0.175949468,0.15830237,0.150853142,0.158970207,0.149467996,0.1586857,0.155299025,0.175394345,0.18694227,0.182668305,0.177139295,0.198132948,0.189070262,0.174421434,0.173751223,0.166735194,0.154658743,0.142512418,0.136627879,0.131955793,0.11770742,0.11278535,0.117882973,0.114421426,0.103254685,0.107416212,0.100189402,0.104828008,0.103135776,0.107301758,0.108128651,0.113906479,0.113995005,0.111692594,0.115704887,0.122906512,0.123340871,0.126331483,0.130215521,0.131591969,0.133927778,0.132476464,0.12752432,0.128846856,0.139109472,0.129194708,0.131045644,0.131811111,0.130862274,0.118476453,0.122799279,0.121459051,0.119379488,0.118747545,0.117017328,0.118508462,0.106830233,0.105387575,0.104565783,0.105131717,0.106936721,0.114127696,0.107579608,0.107948643,0.113534546,0.111360459,0.119312365,0.115114052,0.120237392,0.143750325,0.132005472,0.138168651,0.137880403,0.140419525,0.14048071,0.138721313,0.158657938,0.153571749,0.151521036,0.15139249,0.163168948,0.168799961,0.167830076,0.16999104,0.172931897,0.184145319,0.167921626,0.17760982,0.186631049,0.181614854,0.180333379,0.193198487,0.177617368,0.197175028,0.189821498,0.201846581,0.195890985,0.192241188,0.207184114,0.214389602,0.211494916,0.212274197,0.203342272,0.197792678,0.186602809,0.198493311,0.177968673,0.202937705,0.21452325,0.218145213,0.219364118,0.217743653,0.223214658,0.21759755,0.216309935,0.23452795,0.231329132,0.229744722,0.248506752,0.267240113,0.237713193,0.254008224,0.243180133,0.26712411,0.272227345,0.266514168,0.288889513,0.280864753,0.273875065,0.308543394,0.30264448,0.306473837,0.333841808,0.329475822,0.353917972,0.389473525,0.396321874,0.39849645,0.40033524,0.408890903,0.419110524,0.431492911,0.453266398,0.47056436,0.451831587,0.479484504,0.505019033,0.528642304,0.554282805,0.55581278,0.569112224,0.600675218,0.618426986,0.695047766,0.693914661,0.750965653,0.743247014,0.74858782,0.735395857,0.822944498,0.802319095,0.890997719,0.959545236,0.974616985,0.953270856,0.954580138,0.987670395,1.060615016,1.142490406,1.118814661,1.181244101,1.230916897,1.257779573,1.364838509,1.353123354,1.471872573,1.491524902,1.550043859,1.746830915,1.797450133,1.88884196,2.015255549,2.045679846,2.104686165,2.192661237,2.201962864,2.376236781,2.4678748,2.723519333,2.881959991,2.989988988,3.257678069,3.601201984,3.689057219,3.825369043,4.353737558,4.436706785,4.980580391,5.021207832,5.556220901,6.394071696,6.681211549,7.091373526,7.887876051,8.761147046,9.13587313,10.22355402,10.77481073,12.58065623,13.66952294,15.34780303,15.84591379,18.04562812,20.10357161,21.80817768,22.5735086,26.49271294,28.9404031,31.56973278,38.56076576,39.89456237,48.36557525,47.22668814,55.79427432,61.77325452,66.01768499,69.49521664,86.32644698,91.0008,93.91959091,101.4712189,110.3517138,110.3108735,109.1948027,92.37469114,82.07760154,67.37776656,82.44508314,112.4933963,237.311199,183.9835683,15,0,42.62,220,459.66,0,2021-208,08:41.9
180,0.016,0,2.24529614,1.126203532,0.781505263,0.58802672,0.521590537,0.427752824,0.390721309,0.317166995,0.286913154,0.270987832,0.253594564,0.221268985,0.20806952,0.202383525,0.179537308,0.163350626,0.165417302,0.162163935,0.158361628,0.16700666,0.171719889,0.184324265,0.187857662,0.181740433,0.174350783,0.182452692,0.177297462,0.172658426,0.168630199,0.166735194,0.159340855,0.14547101,0.138028135,0.129308497,0.11145078,0.113378726,0.112786237,0.106245586,0.101664349,0.099083924,0.097603482,0.09756324,0.101563776,0.10623603,0.113030123,0.111668015,0.120907389,0.121768018,0.119966039,0.119159248,0.127167431,0.123087323,0.123643361,0.130269729,0.125307426,0.126514576,0.124879712,0.122253256,0.119396832,0.127887572,0.127150924,0.124737319,0.123866978,0.127267557,0.120941583,0.124511691,0.122987936,0.112227449,0.114098768,0.117356334,0.109673913,0.111017975,0.106241463,0.108459653,0.105278033,0.109714768,0.1092358,0.108501891,0.103510994,0.110231243,0.108940333,0.11451978,0.125181008,0.129527413,0.137406816,0.138868395,0.139320851,0.140419525,0.135963718,0.140257889,0.146892658,0.142379813,0.159658316,0.169582442,0.184144948,0.174743801,0.175555676,0.182127808,0.169427385,0.176144103,0.178823386,0.166440796,0.182828809,0.191265414,0.198840899,0.198104567,0.189500248,0.200169652,0.202925914,0.195741365,0.205125705,0.194304548,0.196840114,0.201980642,0.200143972,0.201991637,0.1900232,0.201880486,0.212202009,0.217035327,0.219591713,0.227186697,0.22521797,0.207286653,0.209420342,0.214373669,0.210666562,0.21991115,0.216309935,0.232155278,0.230127884,0.229744722,0.242324992,0.252137393,0.260840169,0.250070112,0.251242021,0.282229134,0.273628881,0.287922648,0.296160393,0.298622833,0.287424889,0.30238429,0.280630656,0.300011757,0.31057896,0.334604622,0.338024404,0.354805973,0.377416274,0.37697165,0.394279464,0.408890903,0.410504956,0.424849039,0.453266398,0.491608232,0.466272099,0.477004664,0.487143609,0.499575552,0.543328437,0.510358444,0.569112224,0.591489458,0.567557738,0.622289366,0.666422821,0.708107413,0.695074214,0.7178115,0.795117457,0.892940978,0.827853175,0.864639959,0.927829076,0.881260185,0.895471176,0.944635818,0.972245115,1.018121576,0.999436326,1.164518341,1.199063621,1.199982497,1.212672693,1.351388909,1.332034074,1.434978173,1.530348902,1.656685459,1.634402755,1.761062293,1.72714884,1.916039549,2.014585446,2.115458325,2.136536437,2.284034224,2.216871341,2.6347532,2.642516453,2.682568631,2.839582588,3.161994869,3.125605184,3.471928259,3.690028243,4.084352598,4.325756385,4.789046311,5.202166232,5.668151781,5.879268176,6.549742749,7.163072726,7.848858451,8.334203046,9.55759153,10.27497802,11.22926193,13.45551063,14.56641894,15.19606543,16.93541779,16.66313212,19.29604521,22.36854568,24.2883182,26.49271294,27.0181503,30.60076638,34.82780576,39.11869037,43.79590805,49.94592334,54.95981352,64.88618252,68.43867699,76.03409664,85.88401498,91.0008,102.1556229,104.1686589,117.2917458,121.3770815,112.1119227,94.75693114,87.42403354,68.41984656,79.21845914,120.2917323,256.689375,179.2323683,15,0,42.69,221,461.74,0,2021-208,08:44.0
180,0.016,0,2.10534126,1.276708492,0.805662703,0.605807456,0.486805577,0.42354156,0.368304925,0.327364307,0.294700354,0.278147352,0.248387524,0.235454713,0.203800464,0.194596773,0.171464668,0.161667874,0.152471382,0.158171775,0.158361628,0.17116714,0.180362449,0.188789225,0.184196094,0.182668305,0.191081855,0.179685588,0.173675062,0.17353993,0.173751223,0.158552474,0.158560503,0.158784674,0.141528775,0.139897681,0.137103004,0.124059494,0.114485149,0.112786258,0.103784797,0.100646228,0.100706586,0.094449768,0.105231776,0.10357171,0.095058059,0.106071855,0.111114845,0.118211986,0.121792247,0.126653776,0.130993991,0.132819803,0.132844385,0.130930849,0.12928605,0.127177008,0.123557408,0.135440456,0.128596064,0.123966164,0.129098284,0.127309607,0.123866978,0.119732325,0.120941583,0.120237995,0.113966816,0.120525753,0.11468248,0.112747822,0.109105177,0.104261495,0.104565783,0.106241029,0.115230161,0.114679312,0.113100248,0.118460355,0.110193362,0.111925067,0.108940333,0.12640522,0.122091248,0.125648437,0.130655136,0.137468907,0.142201747,0.146321861,0.148761862,0.151782209,0.154736178,0.143179237,0.148266124,0.14725841,0.152261428,0.165403481,0.162679676,0.171724864,0.181693177,0.180589223,0.186999706,0.178540572,0.183779369,0.183544966,0.190074179,0.184367543,0.186529528,0.180205492,0.169660858,0.188618613,0.183578025,0.194304548,0.219596914,0.218525922,0.21252682,0.214330709,0.198219552,0.205968294,0.190698681,0.199523423,0.193577313,0.194503273,0.200620114,0.201857373,0.216049526,0.218866981,0.19697773,0.21644075,0.238560911,0.239273294,0.234932876,0.237052434,0.232434176,0.240810353,0.247991849,0.269760672,0.259303909,0.271243662,0.296053457,0.266514168,0.299068745,0.288263953,0.296458105,0.29468541,0.299499648,0.312935917,0.315563856,0.355119822,0.35215202,0.369402837,0.358510674,0.37892845,0.364000584,0.377577143,0.39329382,0.418205167,0.435033822,0.489270024,0.483119363,0.494363544,0.517787193,0.528642304,0.526896885,0.552971884,0.610394976,0.597613298,0.58027505,0.632210966,0.676732261,0.697392853,0.706191014,0.76012894,0.795117457,0.822944498,0.810830455,0.926141399,0.927829076,0.923270745,0.914737736,0.914802858,0.997953915,1.065926696,1.142490406,1.170231301,1.157484741,1.193795617,1.309330293,1.317764909,1.367182874,1.471872573,1.569172902,1.714107859,1.772775875,1.952098453,1.93639876,1.985490749,2.056044646,2.158546965,2.181436277,2.237136304,2.462048941,2.6732636,2.899025573,3.067109111,3.110314108,3.241730869,3.193547584,3.309081539,3.574021843,3.711358038,4.148235745,4.693279271,4.969505432,5.808065381,6.212376336,6.484008349,7.234771926,8.160999251,8.419591846,9.60444913,10.37782602,11.85413233,12.45567703,12.35867494,15.19606543,16.34876179,18.87512572,19.19510441,21.69610408,24.6557774,26.49271294,30.1233279,33.18467678,34.65004576,38.73075437,44.88392405,48.70990734,58.85396392,58.97161932,70.51381299,79.11121664,84.99915098,92.9016,105.7588869,108.4845629,113.8217298,111.4757375,112.1119227,95.70982714,79.19875354,70.85136656,78.41180314,110.6937803,214.299615,188.7347683,15,0,42.69,222,463.81,0,2021-208,08:46.0