SN,INTTIME(ES),SAMPLE(DELAY),ES(349.01),ES(352.33),ES(355.64),ES(358.96),ES(362.28),ES(365.60),ES(368.92),ES(372.24),ES(375.56),ES(378.88),ES(382.20),ES(385.52),ES(388.85),ES(392.17),ES(395.49),ES(398.82),ES(402.14),ES(405.47),ES(408.79),ES(412.12),ES(415.44),ES(418.77),ES(422.10),ES(425.42),ES(428.75),ES(432.08),ES(435.41),ES(438.74),ES(442.07),ES(445.40),ES(448.73),ES(452.06),ES(455.39),ES(458.72),ES(462.05),ES(465.38),ES(468.71),ES(472.04),ES(475.38),ES(478.71),ES(482.04),ES(485.37),ES(488.71),ES(492.04),ES(495.37),ES(498.71),ES(502.04),ES(505.38),ES(508.71),ES(512.04),ES(515.38),ES(518.71),ES(522.05),ES(525.38),ES(528.72),ES(532.05),ES(535.38),ES(538.72),ES(542.05),ES(545.39),ES(548.72),ES(552.06),ES(555.39),ES(558.73),ES(562.06),ES(565.40),ES(568.73),ES(572.07),ES(575.40),ES(578.73),ES(582.07),ES(585.40),ES(588.74),ES(592.07),ES(595.40),ES(598.74),ES(602.07),ES(605.41),ES(608.74),ES(612.07),ES(615.40),ES(618.74),ES(622.07),ES(625.40),ES(628.73),ES(632.06),ES(635.40),ES(638.73),ES(642.06),ES(645.39),ES(648.72),ES(652.05),ES(655.38),ES(658.71),ES(662.03),ES(665.36),ES(668.69),ES(672.02),ES(675.35),ES(678.67),ES(682.00),ES(685.33),ES(688.65),ES(691.98),ES(695.30),ES(698.62),ES(701.95),ES(705.27),ES(708.59),ES(711.92),ES(715.24),ES(718.56),ES(721.88),ES(725.20),ES(728.52),ES(731.84),ES(735.16),ES(738.48),ES(741.79),ES(745.11),ES(748.42),ES(751.74),ES(755.05),ES(758.37),ES(761.68),ES(765.00),ES(768.31),ES(771.62),ES(774.93),ES(778.24),ES(781.55),ES(784.86),ES(788.16),ES(791.47),ES(794.78),ES(798.08),ES(801.39),DARK_SAMP(ES),DARK_AVE(ES),TEMP(PCB),FRAME(COUNTER),TIMER,CHECK(SUM),DATETAG,TIMETAG2
187,0.032,0,-0.550089637,-0.495507131,-0.462781421,-0.443438756,-0.478195681,-0.387226429,-0.60259834,-0.265219739,-0.50374703,-0.310235401,-0.404446379,-0.349842362,-0.518746067,-0.485794622,-0.478871193,-0.495944961,-0.505894102,-0.512563906,-0.49818631,-0.447711794,-0.355345765,-0.380560476,-0.432227257,-0.334447137,-0.317216492,-0.374266948,-0.352302491,-0.255194862,-0.22986803,-0.260422548,-0.284404673,-0.207910226,-0.2358274,-0.218225526,-0.235948604,-0.243411691,-0.246790909,-0.230997908,-0.314169651,-0.380372372,-0.33172564,-0.289804112,-0.344900509,-0.324280952,-0.280917472,-0.308893274,-0.356605608,-0.321474028,-0.321289952,-0.285332274,-0.249656228,-0.226736113,-0.294792346,-0.289252618,-0.274092551,-0.322104575,-0.31052781,-0.316628254,-0.26419283,-0.253622887,-0.252221642,-0.203216721,-0.193409663,-0.28487803,-0.237366538,-0.24056404,-0.352024216,-0.274593625,-0.330021321,-0.336175023,-0.284272372,-0.310943067,-0.251957895,-0.334617717,-0.301323386,-0.216965054,-0.300253664,-0.323952442,-0.293942023,-0.375993517,-0.360827207,-0.332385143,-0.365092338,-0.427603833,-0.331246444,-0.295661122,-0.347692341,-0.297666423,-0.296051969,-0.335197875,-0.396349152,-0.456645919,-0.404659724,-0.438063854,-0.40962709,-0.420764336,-0.487226037,-0.430214211,-0.425402462,-0.450783892,-0.311453389,-0.215565118,-0.372199008,-0.260726096,-0.467500184,-0.29101355,-0.273966049,-0.411486846,-0.410283991,-0.410635132,-0.437153512,-0.444532194,-0.311171135,-0.429844256,-0.413311079,-0.43977841,-0.485212021,-0.498015839,-0.445425619,-0.337771633,-0.481159047,-0.406843063,-0.392841291,-0.519175646,-0.456238124,-0.591237732,-0.432653334,-0.487553951,-0.494395421,-0.572525799,-0.550997065,-0.495664505,-0.382586603,-0.475133522,-0.690390495,-0.529510015,-0.506151452,15,941,51,190,4325.92,0,2021-208,13:07.8
187,0.032,0,-0.505369629,-0.516703484,-0.563196163,-0.385708104,-0.440923272,-0.460806901,-0.363479314,-0.395603767,-0.446719064,-0.377763863,-0.511892405,-0.56537112,-0.469887959,-0.514707526,-0.545030594,-0.532661906,-0.461550878,-0.410347552,-0.246207592,-0.37059722,-0.23136674,-0.290916238,-0.406191823,-0.322109784,-0.311337431,-0.249839335,-0.231581422,-0.222935273,-0.267150548,-0.260422548,-0.193750117,-0.218692554,-0.241291554,-0.218225526,-0.241607386,-0.272339682,-0.353145927,-0.32745049,-0.29574652,-0.336743825,-0.37577951,-0.327796261,-0.38924115,-0.330591025,-0.418520936,-0.339782602,-0.277546416,-0.249804419,-0.268631937,-0.268152552,-0.272122986,-0.30393977,-0.305643665,-0.289252618,-0.252996744,-0.311704376,-0.202805397,-0.250837999,-0.299172021,-0.268470263,-0.257132308,-0.212981357,-0.261571659,-0.328667244,-0.291017511,-0.279747042,-0.238498269,-0.274593625,-0.2337461,-0.310389984,-0.205350209,-0.273349991,-0.284801262,-0.395920365,-0.301323386,-0.274323763,-0.26519846,-0.323952442,-0.318231741,-0.351244075,-0.2413709,-0.325996684,-0.423511266,-0.295915917,-0.291323605,-0.410005574,-0.395414819,-0.381017189,-0.367153359,-0.35703819,-0.336783605,-0.403575767,-0.38159036,-0.36825659,-0.284909512,-0.334753638,-0.416746356,-0.453760928,-0.34651905,-0.315927908,-0.495131028,-0.424376006,-0.412502968,-0.567149615,-0.483592857,-0.563123465,-0.456954844,-0.458939633,-0.386685917,-0.371435184,-0.37452519,-0.381918719,-0.405100138,-0.312336258,-0.366277101,-0.400512481,-0.445842628,-0.379276666,-0.493323422,-0.604637747,-0.514013881,-0.498938253,-0.487047835,-0.45771396,-0.402286947,-0.443727928,-0.517596507,-0.458610983,-0.445184219,-0.472311236,-0.500006202,-0.464488023,-0.541613372,-0.540138678,-0.64594237,-0.55235933,-0.494368705,15,937,50,191,4327.59,0,2021-208,13:09.5
187,0.032,0,-0.483009625,-0.696872479,-0.523030266,-0.578143609,-0.422287068,-0.55278249,-0.483038827,-0.488735216,-0.551270335,-0.445292325,-0.541195867,-0.56537112,-0.469887959,-0.476156987,-0.56393328,-0.52348267,-0.381733075,-0.495527847,-0.327491049,-0.401443049,-0.282416927,-0.221959133,-0.230452644,-0.248085665,-0.217272456,-0.210248731,-0.209632137,-0.239065068,-0.304433066,-0.265732634,-0.289737294,-0.240257208,-0.323253856,-0.218225526,-0.252924952,-0.330195665,-0.329511478,-0.333478777,-0.277323389,-0.305580577,-0.2436179,-0.296136137,-0.338566131,-0.242250005,-0.337209798,-0.31507114,-0.27146494,-0.333418962,-0.344693514,-0.256699404,-0.260889607,-0.287396129,-0.197130479,-0.299954183,-0.221353033,-0.290903977,-0.243842506,-0.341932198,-0.329154185,-0.337758021,-0.296417639,-0.237392947,-0.319996227,-0.275147094,-0.295894873,-0.333623669,-0.277985555,-0.189719232,-0.289484386,-0.263976914,-0.28953385,-0.359277021,-0.262905684,-0.351336621,-0.278718056,-0.348890086,-0.3236238,-0.276279075,-0.287869593,-0.369806157,-0.2413709,-0.300442847,-0.326146385,-0.276162729,-0.351207863,-0.342744131,-0.361327334,-0.387963086,-0.381373637,-0.34247798,-0.321892218,-0.494553171,-0.420039301,-0.492358393,-0.401832241,-0.366030255,-0.440239583,-0.500854362,-0.464844167,-0.466649302,-0.391313232,-0.344064126,-0.404442176,-0.381682748,-0.314619795,-0.363042645,-0.401262602,-0.474757229,-0.402417966,-0.340075226,-0.413667891,-0.452358878,-0.342480802,-0.484681321,-0.405472083,-0.400512481,-0.406473235,-0.371360721,-0.365595947,-0.4105533,-0.546868715,-0.415215353,-0.461355141,-0.45771396,-0.546156751,-0.637334545,-0.470405855,-0.477906295,-0.533764383,-0.65269745,-0.530600719,-0.537233149,-0.60522408,-0.615978028,-0.590382214,-0.609482616,-0.753589134,15,943,51.5,192,4329.26,0,2021-208,13:11.1
187,0.032,0,-0.527729633,-0.622685246,-0.372408153,-0.587765384,-0.543422395,-0.405621547,-0.409463742,-0.498048361,-0.437214403,-0.416351556,-0.590034969,-0.526184073,-0.538289309,-0.379780639,-0.450517164,-0.385794124,-0.381733075,-0.29109514,-0.433159544,-0.424577422,-0.464739023,-0.470204714,-0.373647531,-0.297435077,-0.264304943,-0.30074154,-0.253530707,-0.239065068,-0.378998103,-0.265732634,-0.311067777,-0.348080481,-0.257684014,-0.418177649,-0.315171562,-0.34755246,-0.264516746,-0.26113934,-0.265041302,-0.299347927,-0.38207292,-0.296136137,-0.351234886,-0.349521243,-0.299681581,-0.389205526,-0.32011675,-0.321474028,-0.344693514,-0.313965143,-0.249656228,-0.292910676,-0.338197621,-0.337409663,-0.305736263,-0.316904475,-0.279749977,-0.276141943,-0.279183912,-0.218979008,-0.28168564,-0.276451491,-0.281046515,-0.280012562,-0.222734454,-0.24056404,-0.322408751,-0.304549294,-0.294551503,-0.325861008,-0.321102715,-0.348536142,-0.301222946,-0.312325845,-0.346534044,-0.354625956,-0.306096198,-0.449095028,-0.342521459,-0.357431436,-0.335678511,-0.389881276,-0.37158333,-0.374928667,-0.384476895,-0.329291843,-0.388597322,-0.360179497,-0.36004322,-0.444399449,-0.388903458,-0.456645919,-0.38159036,-0.376012952,-0.378447695,-0.30347702,-0.596861097,-0.469458739,-0.464844167,-0.522178237,-0.471173075,-0.36815769,-0.573718807,-0.494575624,-0.435314839,-0.459081438,-0.369438464,-0.538027612,-0.394551942,-0.543914954,-0.507610373,-0.475838931,-0.467719474,-0.320170124,-0.436828068,-0.384806109,-0.406473235,-0.46635206,-0.421476717,-0.483334968,-0.399021961,-0.390098483,-0.529868992,-0.545516369,-0.519181163,-0.61889582,-0.555349029,-0.612973481,-0.523922142,-0.492354149,-0.632582445,-0.54762531,-0.637029434,-0.648480606,-0.64594237,-0.55235933,-0.6946754,15,938,51.5,193,4330.93,0,2021-208,13:12.8
187,0.032,0,-0.427109615,-0.548498012,-0.392491102,-0.404951655,-0.329106047,-0.332041075,-0.381873085,-0.395603767,-0.351672455,-0.55140848,-0.560731508,-0.50659055,-0.528517688,-0.495432257,-0.478871193,-0.532661906,-0.337389852,-0.410347552,-0.246207592,-0.432288879,-0.260538275,-0.297811949,-0.282523512,-0.248085665,-0.299579309,-0.255495135,-0.297429278,-0.287454452,-0.213889807,-0.228562032,-0.220413221,-0.234866045,-0.213970786,-0.295984685,-0.326489127,-0.260768485,-0.246790909,-0.333478777,-0.332592781,-0.318045876,-0.34431246,-0.397448534,-0.36390364,-0.34321117,-0.349719204,-0.327426871,-0.362687084,-0.249804419,-0.309588171,-0.268152552,-0.333906569,-0.237765207,-0.240535753,-0.219692441,-0.24244884,-0.23890298,-0.238712868,-0.266020365,-0.279183912,-0.243724636,-0.286596306,-0.222745993,-0.227490661,-0.28487803,-0.344668485,-0.289542792,-0.352024216,-0.319527128,-0.324954204,-0.351646046,-0.236919074,-0.241127355,-0.241010105,-0.373628493,-0.295672053,-0.262852021,-0.300253664,-0.395462491,-0.378956036,-0.326494634,-0.316816988,-0.396269735,-0.37158333,-0.335422292,-0.417745927,-0.329291843,-0.409049812,-0.436584366,-0.296051969,-0.407998924,-0.292109444,-0.373249965,-0.343141419,-0.445820217,-0.433011636,-0.475498416,-0.46373281,-0.453760928,-0.441179144,-0.466649302,-0.503117013,-0.464531946,-0.501171679,-0.389746525,-0.34680514,-0.467084671,-0.409218637,-0.443122037,-0.52040834,-0.512554996,-0.468467672,-0.413225456,-0.389445304,-0.422010389,-0.45250606,-0.455484782,-0.500959778,-0.395108556,-0.509289356,-0.475248116,-0.546868715,-0.448704513,-0.461355141,-0.536736128,-0.474221849,-0.51748283,-0.517596507,-0.400725046,-0.602660066,-0.65269745,-0.622384272,-0.630762597,-0.60522408,-0.605143835,-0.668166432,-0.63233193,-0.73002364,15,945,50.5,194,4332.6,0,2021-208,13:14.5
187,0.032,0,-0.483009625,-0.400123545,-0.563196163,-0.424195205,-0.515468089,-0.534387372,-0.464645056,-0.470108926,-0.541765674,-0.425998479,-0.463053302,-0.535980835,-0.411258231,-0.399055908,-0.318198363,-0.330718706,-0.319652562,-0.376275434,-0.303106012,-0.308905561,-0.377224417,-0.339186213,-0.308558946,-0.235748312,-0.2407887,-0.323364742,-0.231581422,-0.351973632,-0.267150548,-0.228562032,-0.177752254,-0.256430699,-0.213970786,-0.218225526,-0.298195214,-0.197126904,-0.258608134,-0.206884762,-0.301887563,-0.349209124,-0.25620472,-0.264476013,-0.249884849,-0.34321117,-0.268408066,-0.25947035,-0.307953798,-0.327446495,-0.274482827,-0.302511995,-0.317056501,-0.248794301,-0.251387072,-0.262498704,-0.252996744,-0.202502282,-0.248972145,-0.336871409,-0.214222558,-0.243724636,-0.183472314,-0.203216721,-0.169066093,-0.216761475,-0.232489177,-0.289542792,-0.248370091,-0.279586237,-0.289484386,-0.331018015,-0.31057976,-0.321683945,-0.301222946,-0.323471781,-0.290020721,-0.239908538,-0.335308868,-0.276279075,-0.257507446,-0.338869355,-0.316816988,-0.351550521,-0.293691425,-0.3222535,-0.291323605,-0.268756545,-0.313604856,-0.325450011,-0.374263498,-0.276957035,-0.366566378,-0.365668515,-0.38159036,-0.422551129,-0.471985879,-0.397306873,-0.471563885,-0.540098889,-0.41751412,-0.498380122,-0.487145044,-0.416344818,-0.42056376,-0.462320516,-0.491639193,-0.443074973,-0.472866913,-0.427304442,-0.536140389,-0.418475122,-0.546753074,-0.452358878,-0.381617887,-0.445511989,-0.358438105,-0.369099737,-0.351356085,-0.418856391,-0.397527816,-0.539942932,-0.481159047,-0.457076803,-0.478483604,-0.413812755,-0.5101893,-0.526702193,-0.630854072,-0.622621137,-0.622344547,-0.592568712,-0.6121861,-0.609978275,-0.393188387,-0.540138678,-0.54593409,-0.609482616,-0.588630679,15,943,51,195,4334.27,0,2021-208,13:16.2
187,0.032,0,-0.404749611,-0.559096189,-0.462781421,-0.385708104,-0.515468089,-0.368831311,-0.400266856,-0.414230057,-0.456223725,-0.454939248,-0.375142917,-0.535980835,-0.508974445,-0.447244083,-0.412711793,-0.606095797,-0.505894102,-0.461455729,-0.360004432,-0.247213901,-0.282416927,-0.19437629,-0.33459438,-0.192567576,-0.311337431,-0.261150936,-0.302916599,-0.255194862,-0.224541956,-0.276352806,-0.305735157,-0.294168845,-0.197578326,-0.151574818,-0.185019559,-0.197126904,-0.335420091,-0.321422204,-0.351015912,-0.361674423,-0.29396518,-0.251811963,-0.306894245,-0.311660806,-0.424775639,-0.284181812,-0.222813129,-0.261749354,-0.286184609,-0.331144865,-0.255272917,-0.287396129,-0.300218006,-0.374865143,-0.252996744,-0.290903977,-0.22845359,-0.235655632,-0.26419283,-0.273419389,-0.252221642,-0.203216721,-0.281046515,-0.28487803,-0.256875983,-0.269951291,-0.258241912,-0.324519739,-0.284417269,-0.243348883,-0.263226462,-0.294831749,-0.328592419,-0.306752877,-0.352185376,-0.366097698,-0.341151402,-0.347789125,-0.415390613,-0.388368238,-0.316816988,-0.274889011,-0.358601346,-0.480279,-0.304631218,-0.302387266,-0.388597322,-0.360179497,-0.296051969,-0.35703819,-0.411240539,-0.47939027,-0.481557606,-0.414794766,-0.425216787,-0.412945181,-0.377590977,-0.430214211,-0.456955826,-0.466649302,-0.471173075,-0.464531946,-0.356077424,-0.365555195,-0.491639193,-0.467084671,-0.361482429,-0.427304442,-0.386685917,-0.504715007,-0.476296213,-0.483665616,-0.45206464,-0.484681321,-0.554413012,-0.47904434,-0.382851599,-0.43468828,-0.485340455,-0.442900708,-0.448304212,-0.482193673,-0.495612066,-0.563076851,-0.474221849,-0.628115183,-0.555349029,-0.555087544,-0.553448864,-0.572525799,-0.591789755,-0.630762597,-0.562816941,-0.615978028,-0.657054401,-0.700879874,-0.6946754,15,934,51,196,4335.94,0,2021-208,13:17.8
187,0.032,0,-0.505369629,-0.463712603,-0.512988792,-0.501169407,-0.534104293,-0.460806901,-0.391069971,-0.451482636,-0.494242369,-0.474233095,-0.482588943,-0.535980835,-0.411258231,-0.495432257,-0.526127908,-0.450048779,-0.470419523,-0.367757405,-0.376261124,-0.416865964,-0.355345765,-0.359873344,-0.354120955,-0.297435077,-0.264304943,-0.306397341,-0.26450535,-0.330467239,-0.288454844,-0.302903236,-0.279072052,-0.251039536,-0.230363247,-0.157129044,-0.281218865,-0.260768485,-0.353145927,-0.333478777,-0.344874869,-0.349209124,-0.35689928,-0.441772707,-0.237216095,-0.34321117,-0.293426878,-0.339782602,-0.295790845,-0.285639223,-0.344693514,-0.291058847,-0.288973054,-0.254308848,-0.278515368,-0.305304966,-0.379571588,-0.254503279,-0.238712868,-0.296385099,-0.279183912,-0.293215891,-0.301328305,-0.286216127,-0.212884519,-0.31407084,-0.266630705,-0.265053416,-0.248370091,-0.269601014,-0.208410516,-0.222720852,-0.242180552,-0.251868234,-0.323118525,-0.334617717,-0.380442037,-0.366097698,-0.358679003,-0.407380833,-0.45182519,-0.4254924,-0.335678511,-0.43460049,-0.384565314,-0.361759875,-0.41109212,-0.302387266,-0.374962328,-0.360179497,-0.367153359,-0.35703819,-0.403794845,-0.373249965,-0.458488242,-0.476845668,-0.471985879,-0.55368996,-0.549874642,-0.532249984,-0.456955826,-0.506312827,-0.455201107,-0.416344818,-0.307712672,-0.430065409,-0.403129494,-0.483091137,-0.43308674,-0.411486846,-0.512542315,-0.543914954,-0.491953293,-0.397572087,-0.420754972,-0.414176523,-0.428989072,-0.471191154,-0.390725478,-0.458436115,-0.397527816,-0.475248116,-0.40723567,-0.524055124,-0.564125917,-0.492834923,-0.591116065,-0.600457095,-0.564787159,-0.477906295,-0.592817825,-0.402161042,-0.744762343,-0.724292045,-0.456799095,-0.605143835,-0.668166432,-0.67803056,-0.635761666,15,937,50.5,197,4337.61,0,2021-208,13:19.5
187,0.032,0,-0.505369629,-0.400123545,-0.392491102,-0.366464554,-0.468877579,-0.433214224,-0.510629484,-0.525987795,-0.532261013,-0.541761556,-0.521660225,-0.438013217,-0.587147417,-0.495432257,-0.450517164,-0.42251107,-0.523631391,-0.350721346,-0.408774507,-0.355174305,-0.253245392,-0.30470766,-0.302050087,-0.241916988,-0.223151517,-0.323364742,-0.286454635,-0.276701256,-0.288454844,-0.35069401,-0.343063503,-0.369645136,-0.312325549,-0.384852295,-0.343465475,-0.359123656,-0.246790909,-0.297309058,-0.234336084,-0.367907072,-0.26249813,-0.34046031,-0.243550472,-0.223319787,-0.243389255,-0.222403157,-0.356605608,-0.321474028,-0.327140842,-0.313965143,-0.311439811,-0.325997958,-0.300218006,-0.321357315,-0.258270696,-0.259703379,-0.31052781,-0.316628254,-0.184240394,-0.263521138,-0.203114979,-0.256922219,-0.290783943,-0.333532713,-0.266630705,-0.255257666,-0.366831948,-0.234652735,-0.39589384,-0.284604945,-0.231657596,-0.246497795,-0.241010105,-0.262169133,-0.267415392,-0.308738989,-0.241828324,-0.317993271,-0.348593888,-0.394555598,-0.379688729,-0.472931246,-0.43649325,-0.348591083,-0.324592637,-0.315839555,-0.395414819,-0.297666423,-0.452475028,-0.422559134,-0.359120685,-0.426320118,-0.412349513,-0.45357658,-0.40962709,-0.389487718,-0.35409775,-0.500854362,-0.425402462,-0.545976352,-0.527074965,-0.496656698,-0.493110887,-0.575213392,-0.507731866,-0.411062042,-0.480822947,-0.316581271,-0.426016041,-0.355755205,-0.37452519,-0.36626535,-0.334653386,-0.461179722,-0.342760112,-0.510457083,-0.469464264,-0.442604225,-0.565170126,-0.426727004,-0.514013881,-0.448704513,-0.504176298,-0.387472032,-0.528173026,-0.591237732,-0.611977811,-0.680507074,-0.504237662,-0.642675993,-0.510204374,-0.651546919,-0.435595526,-0.615978028,-0.612606277,-0.495236043,-0.541499692,15,944,51,198,4339.28,0,2021-208,13:21.2
187,0.032,0,-0.706609664,-0.569694365,-0.502947318,-0.453060531,-0.38501466,-0.332041075,-0.381873085,-0.395603767,-0.323158472,-0.406704633,-0.345839455,-0.467403503,-0.381943367,-0.341230099,-0.327649706,-0.468407252,-0.40833901,-0.350721346,-0.408774507,-0.401443049,-0.297002695,-0.339186213,-0.354120955,-0.30977243,-0.258425882,-0.283774138,-0.248043386,-0.217558674,-0.165955141,-0.21794186,-0.220413221,-0.304951172,-0.263148167,-0.257105105,-0.224631038,-0.289696477,-0.329511478,-0.273195913,-0.351015912,-0.293115277,-0.39465974,-0.346792335,-0.275222359,-0.406311899,-0.274662769,-0.321249005,-0.247139034,-0.309529093,-0.239377484,-0.291058847,-0.317056501,-0.243279754,-0.294792346,-0.326708097,-0.284640455,-0.202502282,-0.290009255,-0.220473266,-0.26419283,-0.253622887,-0.212936312,-0.232510629,-0.256702945,-0.294608967,-0.251998622,-0.284644917,-0.282921466,-0.28957146,-0.254014568,-0.243348883,-0.210611686,-0.225016037,-0.251957895,-0.317898813,-0.38609337,-0.343154215,-0.358679003,-0.413340003,-0.44575276,-0.351244075,-0.297955466,-0.268500551,-0.332637377,-0.282747125,-0.344554056,-0.436910151,-0.354509837,-0.3532336,-0.36004322,-0.28423714,-0.232543897,-0.358087064,-0.389280148,-0.251911149,-0.456396182,-0.342572792,-0.385422053,-0.320329534,-0.314965686,-0.355591433,-0.471173075,-0.472563134,-0.412502968,-0.349427641,-0.387036821,-0.363042645,-0.409218637,-0.332398867,-0.378819892,-0.394955153,-0.452810592,-0.233211715,-0.381617887,-0.453345855,-0.374116098,-0.455484782,-0.406473235,-0.490099894,-0.41349375,-0.459074412,-0.538655006,-0.473821383,-0.529868992,-0.413812755,-0.456238124,-0.397631115,-0.413777073,-0.256010204,-0.445184219,-0.392139586,-0.510204374,-0.474880184,-0.350781249,-0.529304486,-0.590382214,-0.609482616,-0.623978919,15,941,49.5,199,4340.95,0,2021-208,13:22.8
187,0.032,0,-0.483009625,-0.506105307,-0.332242256,-0.472304081,-0.38501466,-0.304448399,-0.473841941,-0.637745534,-0.532261013,-0.425998479,-0.590034969,-0.457606741,-0.499202824,-0.399055908,-0.356003735,-0.468407252,-0.355127141,-0.325167257,-0.351876087,-0.293482646,-0.245952508,-0.318499081,-0.328085521,-0.155555517,-0.287821187,-0.289429939,-0.220606779,-0.233688469,-0.245846252,-0.260422548,-0.252408947,-0.283386518,-0.224899093,-0.229333977,-0.315171562,-0.272339682,-0.288151194,-0.303337345,-0.265041302,-0.299347927,-0.25620472,-0.321464236,-0.287891113,-0.381071607,-0.262153363,-0.358316198,-0.344442655,-0.237859485,-0.344693514,-0.210886812,-0.294589743,-0.243279754,-0.26766405,-0.289252618,-0.289914407,-0.296104077,-0.300268532,-0.281202732,-0.26419283,-0.228877259,-0.227668311,-0.169040495,-0.237228089,-0.275147094,-0.300772234,-0.255257666,-0.302665109,-0.269601014,-0.304685736,-0.356803054,-0.252703507,-0.219645598,-0.284801262,-0.312325845,-0.352185376,-0.308738989,-0.346993936,-0.383544149,-0.391100895,-0.276995751,-0.392263077,-0.35793898,-0.37158333,-0.407850646,-0.404438314,-0.302387266,-0.334057347,-0.346287703,-0.296051969,-0.407998924,-0.359120685,-0.358087064,-0.373900572,-0.407038403,-0.316088907,-0.389487718,-0.432408507,-0.375271873,-0.299189003,-0.284197088,-0.335411342,-0.319970562,-0.444746136,-0.357491418,-0.362897813,-0.539113766,-0.361482429,-0.43521324,-0.418150016,-0.44199509,-0.484124753,-0.381918719,-0.45206464,-0.343671724,-0.436828068,-0.47904434,-0.445842628,-0.331780997,-0.541221225,-0.434813856,-0.399021961,-0.415215353,-0.45279091,-0.422592996,-0.384303222,-0.526702193,-0.442091464,-0.5647352,-0.484553181,-0.432225411,-0.479609857,-0.443703701,-0.60522408,-0.366791595,-0.612606277,-0.518085358,-0.706458147,15,938,51.5,200,4342.62,0,2021-208,13:24.5
187,0.032,0,-0.751329672,-0.622685246,-0.482864369,-0.337599228,-0.338424149,-0.460806901,-0.510629484,-0.460795781,-0.465728386,-0.454939248,-0.619338431,-0.633948452,-0.548060931,-0.514707526,-0.40326045,-0.440869543,-0.363995786,-0.325167257,-0.376261124,-0.37059722,-0.355345765,-0.325394791,-0.282523512,-0.352953166,-0.323095553,-0.351643745,-0.341327848,-0.346597034,-0.299106992,-0.286972978,-0.225745842,-0.277995354,-0.279540628,-0.218225526,-0.230289821,-0.272339682,-0.264516746,-0.273195913,-0.326451738,-0.336743825,-0.31284541,-0.258143988,-0.325897377,-0.299040661,-0.337209798,-0.25947035,-0.344442655,-0.446895842,-0.29788639,-0.291058847,-0.32267319,-0.243279754,-0.321920643,-0.283901835,-0.274092551,-0.24410308,-0.264361061,-0.230594844,-0.324157157,-0.258572012,-0.28168564,-0.203216721,-0.237228089,-0.236223348,-0.28614015,-0.196483163,-0.228626448,-0.28957146,-0.243880334,-0.263976914,-0.257964984,-0.305572627,-0.328592419,-0.323471781,-0.267415392,-0.25138028,-0.253513392,-0.341829954,-0.336449029,-0.338869355,-0.480283514,-0.536815838,-0.462457218,-0.427603833,-0.344554056,-0.396553285,-0.395414819,-0.387963086,-0.395593915,-0.386158609,-0.359120685,-0.47939027,-0.404659724,-0.469089305,-0.510960122,-0.405126027,-0.46373281,-0.4145164,-0.385960756,-0.363524138,-0.487145044,-0.384220066,-0.428624552,-0.365555195,-0.314619795,-0.419065275,-0.464910878,-0.490574825,-0.47321219,-0.512554996,-0.405839351,-0.264518453,-0.381617887,-0.414176523,-0.32708212,-0.455484782,-0.477338142,-0.355528832,-0.485340455,-0.49142182,-0.448304212,-0.591033444,-0.495612066,-0.55429661,-0.564140477,-0.600457095,-0.442091464,-0.555087544,-0.553448864,-0.402161042,-0.6121861,-0.589193953,-0.552215157,-0.594309642,-0.623718308,-0.655181245,-0.718240893,15,937,50.5,201,4344.29,0,2021-208,13:26.2
187,0.032,0,-0.617169649,-0.548498012,-0.482864369,-0.376086329,-0.450241374,-0.37802887,-0.345085542,-0.404916912,-0.418205081,-0.483880018,-0.463053302,-0.545777596,-0.479659581,-0.630359145,-0.677349395,-0.505124197,-0.479288167,-0.435901641,-0.360004432,-0.301194103,-0.318881346,-0.297811949,-0.373647531,-0.30977243,-0.252546822,-0.221560332,-0.237068743,-0.260571461,-0.181933363,-0.27104272,-0.177752254,-0.277995354,-0.279540628,-0.240442428,-0.309512779,-0.307053272,-0.341328703,-0.267167626,-0.351015912,-0.280649978,-0.30025859,-0.36578841,-0.249884849,-0.34321117,-0.324700392,-0.234758888,-0.186324271,-0.333418962,-0.274482827,-0.331144865,-0.317056501,-0.215707019,-0.349048939,-0.337409663,-0.316284166,-0.285703877,-0.290009255,-0.240716421,-0.219219585,-0.223928134,-0.193293647,-0.252039901,-0.281046515,-0.343263649,-0.300772234,-0.279747042,-0.248370091,-0.28957146,-0.304685736,-0.341332031,-0.236919074,-0.305572627,-0.361435787,-0.356909589,-0.295672053,-0.337418344,-0.358679003,-0.335870783,-0.372883606,-0.363618796,-0.360827207,-0.409046654,-0.358601346,-0.394681854,-0.371169282,-0.410005574,-0.415867309,-0.540772823,-0.388483776,-0.407998924,-0.403794845,-0.441483018,-0.343141419,-0.344987501,-0.40962709,-0.334753638,-0.385422053,-0.320329534,-0.34651905,-0.355591433,-0.439229138,-0.544843826,-0.428624552,-0.438129186,-0.539917211,-0.507100835,-0.488778982,-0.43521324,-0.48894424,-0.496875017,-0.546753074,-0.444532194,-0.389445304,-0.359339457,-0.366277101,-0.534016641,-0.382851599,-0.339696942,-0.365595947,-0.459074412,-0.374380835,-0.448704513,-0.427098216,-0.492834923,-0.600107927,-0.535921555,-0.536472768,-0.555087544,-0.523922142,-0.442246867,-0.489808029,-0.589193953,-0.562816941,-0.605143835,-0.657054401,-0.700879874,-0.800720121,15,939,51,202,4345.96,0,2021-208,13:27.8
187,0.032,0,-0.538909635,-0.590890717,-0.452739947,-0.472304081,-0.422287068,-0.442411783,-0.464645056,-0.507361506,-0.484737708,-0.281294632,-0.590034969,-0.418419694,-0.33308526,-0.485794622,-0.431614478,-0.42251107,-0.426076299,-0.410347552,-0.311234358,-0.416865964,-0.318881346,-0.31160337,-0.295541229,-0.303603754,-0.352490858,-0.221560332,-0.275479992,-0.249818264,-0.293780918,-0.202011602,-0.284404673,-0.240257208,-0.285004781,-0.329310039,-0.292536431,-0.31283887,-0.288151194,-0.309365631,-0.326451738,-0.274417329,-0.306552,-0.251811963,-0.300559868,-0.292730588,-0.36222861,-0.290359678,-0.32011675,-0.345363897,-0.204272141,-0.308238569,-0.260889607,-0.210192472,-0.170002183,-0.262498704,-0.231900937,-0.212902482,-0.223323952,-0.271081154,-0.324157157,-0.278368514,-0.340613635,-0.237392947,-0.271309087,-0.236223348,-0.232489177,-0.265053416,-0.16939552,-0.199704455,-0.304685736,-0.300075969,-0.284272372,-0.316313506,-0.306696841,-0.351336621,-0.323928715,-0.297267247,-0.282726062,-0.270319905,-0.281797164,-0.276995751,-0.260232422,-0.274889011,-0.40403829,-0.348591083,-0.384476895,-0.322565699,-0.395414819,-0.381017189,-0.331602664,-0.349758085,-0.23998959,-0.524878973,-0.343141419,-0.531140207,-0.495370425,-0.412945181,-0.448070658,-0.383120778,-0.441179144,-0.419053072,-0.447215122,-0.36815769,-0.42056376,-0.430065409,-0.234156432,-0.315023249,-0.377394498,-0.411486846,-0.386685917,-0.512554996,-0.444982052,-0.436705509,-0.522511393,-0.469013588,-0.460345057,-0.494750711,-0.343482206,-0.48218395,-0.453408586,-0.362032188,-0.333312293,-0.423587643,-0.307198977,-0.352351068,-0.393295084,-0.379192389,-0.498720247,-0.535792232,-0.573133345,-0.492354149,-0.428618994,-0.745076366,-0.615825865,-0.594309642,-0.701502526,-0.529510015,-0.612196173,15,941,50,203,4347.63,0,2021-208,13:29.5
187,0.032,0,-0.617169649,-0.537899836,-0.543113214,-0.41457343,-0.38501466,-0.322843516,-0.381873085,-0.321098608,-0.389691099,-0.339176171,-0.443517661,-0.526184073,-0.518746067,-0.437606448,-0.356003735,-0.376614888,-0.470419523,-0.231468933,-0.294977666,-0.308905561,-0.377224417,-0.346081923,-0.269505795,-0.260423018,-0.2407887,-0.255495135,-0.269992671,-0.298207649,-0.304433066,-0.292283064,-0.273739431,-0.294168845,-0.274076474,-0.301538911,-0.315171562,-0.31283887,-0.27633397,-0.224969621,-0.222053996,-0.274417329,-0.20585744,-0.251811963,-0.370238018,-0.299040661,-0.374738016,-0.222403157,-0.338361179,-0.345363897,-0.350544404,-0.348324587,-0.361990016,-0.342541599,-0.305643665,-0.283901835,-0.337379974,-0.296104077,-0.300268532,-0.266020365,-0.284180939,-0.263521138,-0.271864307,-0.242275265,-0.242096803,-0.304339903,-0.271508067,-0.269951291,-0.248370091,-0.334504962,-0.324954204,-0.258819906,-0.236919074,-0.294831749,-0.251957895,-0.234304293,-0.273066724,-0.205493312,-0.335308868,-0.371625808,-0.281797164,-0.345056715,-0.354540033,-0.287665929,-0.215799521,-0.256409542,-0.251400767,-0.288934978,-0.306787359,-0.290720526,-0.424034472,-0.407998924,-0.388903458,-0.456645919,-0.412349513,-0.469089305,-0.471985879,-0.326934483,-0.377590977,-0.336027345,-0.362295732,-0.292129793,-0.279509451,-0.344064126,-0.291591088,-0.349427641,-0.378990485,-0.43507174,-0.425130706,-0.43521324,-0.481078215,-0.575274912,-0.507610373,-0.389745403,-0.483374308,-0.445511989,-0.483862046,-0.463337968,-0.406473235,-0.458436115,-0.333664079,-0.523769228,-0.448304212,-0.373353903,-0.418533985,-0.475274441,-0.555148614,-0.51748283,-0.640292202,-0.555087544,-0.533764383,-0.612611624,-0.581591582,-0.526840988,-0.60522408,-0.550972871,-0.557046121,-0.63233193,-0.588630679,15,941,51.5,204,4349.3,0,2021-208,13:31.2
187,0.032,0,-0.561269639,-0.601488893,-0.593320585,-0.443438756,-0.515468089,-0.506794695,-0.391069971,-0.498048361,-0.570279656,-0.377763863,-0.560731508,-0.457606741,-0.381943367,-0.476156987,-0.441065821,-0.477586488,-0.452682233,-0.376275434,-0.327491049,-0.301194103,-0.369931533,-0.325394791,-0.302050087,-0.285097724,-0.30545837,-0.266806737,-0.34681517,-0.282077854,-0.267150548,-0.27104272,-0.263074189,-0.27260419,-0.208506633,-0.257105105,-0.275560083,-0.31283887,-0.353145927,-0.26113934,-0.387862174,-0.324278525,-0.3694861,-0.334128286,-0.319563,-0.330591025,-0.368483313,-0.31507114,-0.32011675,-0.297584158,-0.30373728,-0.256699404,-0.395690153,-0.314968864,-0.229684435,-0.299954183,-0.252996744,-0.348105073,-0.264361061,-0.271081154,-0.204228503,-0.263521138,-0.217846978,-0.232510629,-0.237228089,-0.250819753,-0.320281679,-0.255257666,-0.307601019,-0.314534516,-0.31481997,-0.346489039,-0.236919074,-0.273349991,-0.251957895,-0.290033973,-0.295672053,-0.285795505,-0.335308868,-0.276279075,-0.312159311,-0.413117679,-0.335678511,-0.377104358,-0.455966226,-0.388097458,-0.371169282,-0.416731718,-0.334057347,-0.3532336,-0.324492525,-0.335197875,-0.418686232,-0.524878973,-0.489247395,-0.438063854,-0.503165273,-0.467679262,-0.510719264,-0.445912023,-0.362295732,-0.403187662,-0.23957953,-0.352095314,-0.323834256,-0.446192963,-0.370944149,-0.459081438,-0.52060312,-0.561754006,-0.567604489,-0.536074965,-0.484124753,-0.554105775,-0.420754972,-0.390674923,-0.381955094,-0.392659295,-0.430094871,-0.529679619,-0.421476717,-0.434813856,-0.415449378,-0.490565963,-0.375712828,-0.510395405,-0.438254398,-0.609676457,-0.536472768,-0.574382856,-0.543606623,-0.532439974,-0.479609857,-0.651546919,-0.690038357,-0.691817377,-0.757062681,-0.609482616,-0.600413426,15,933,49.5,205,4350.97,0,2021-208,13:32.8
187,0.032,0,-0.617169649,-0.622685246,-0.573237637,-0.43381698,-0.478195681,-0.497597136,-0.363479314,-0.479422071,-0.560774995,-0.329529247,-0.521660225,-0.526184073,-0.528517688,-0.456881717,-0.516676565,-0.468407252,-0.443813589,-0.418865582,-0.538828038,-0.416865964,-0.391810185,-0.339186213,-0.282523512,-0.334447137,-0.30545837,-0.385578549,-0.313891242,-0.287454452,-0.277802696,-0.361314182,-0.273739431,-0.283386518,-0.290468935,-0.295984685,-0.2699013,-0.27812528,-0.30587703,-0.26113934,-0.326451738,-0.367907072,-0.29396518,-0.359456385,-0.351234886,-0.38738168,-0.343464501,-0.321249005,-0.295790845,-0.333418962,-0.280333718,-0.296785421,-0.356373327,-0.243279754,-0.278515368,-0.358812794,-0.300462311,-0.223302681,-0.361824197,-0.286263521,-0.304169048,-0.28331764,-0.222757644,-0.310627717,-0.285915229,-0.294608967,-0.291017511,-0.279747042,-0.277985555,-0.239645346,-0.31481997,-0.284604945,-0.257964984,-0.267979552,-0.290275157,-0.312325845,-0.352185376,-0.262852021,-0.346993936,-0.288197417,-0.342521459,-0.357431436,-0.341965685,-0.396269735,-0.384565314,-0.342006687,-0.317938831,-0.410005574,-0.429502303,-0.297666423,-0.274721552,-0.291517245,-0.284663751,-0.320179812,-0.458488242,-0.329474776,-0.433011636,-0.412945181,-0.369759901,-0.445912023,-0.441179144,-0.498380122,-0.399299216,-0.512719074,-0.517293263,-0.430065409,-0.378990485,-0.29101355,-0.409218637,-0.292854877,-0.418150016,-0.379275174,-0.444982052,-0.405398772,-0.365963053,-0.484681321,-0.405472083,-0.376952923,-0.382851599,-0.363444777,-0.405510783,-0.459074412,-0.497586464,-0.423587643,-0.495612066,-0.527955887,-0.600107927,-0.582018369,-0.621415941,-0.555087544,-0.563291104,-0.472311236,-0.540798892,-0.526840988,-0.562816941,-0.540138678,-0.612606277,-0.746578503,-0.894982095,15,944,50.5,206,4352.64,0,2021-208,13:34.5
187,0.032,0,-0.594809645,-0.52730166,-0.512988792,-0.43381698,-0.347742252,-0.488399577,-0.446251284,-0.479422071,-0.513251691,-0.474233095,-0.375142917,-0.389029409,-0.460116338,-0.331592464,-0.488322536,-0.376614888,-0.470419523,-0.359239375,-0.351876087,-0.37059722,-0.32617423,-0.325394791,-0.308558946,-0.291266401,-0.246667761,-0.210248731,-0.165733566,-0.233688469,-0.235194104,-0.19139143,-0.241743705,-0.175563245,-0.274076474,-0.273767782,-0.258583735,-0.27812528,-0.252699521,-0.224969621,-0.240477127,-0.311813226,-0.25620472,-0.34046031,-0.262553604,-0.286420515,-0.343464501,-0.308893274,-0.301872321,-0.249804419,-0.332991733,-0.291058847,-0.260889607,-0.276367035,-0.262238391,-0.267849486,-0.316284166,-0.280503778,-0.213064674,-0.321689043,-0.239207694,-0.228877259,-0.237489643,-0.271569173,-0.290783943,-0.294608967,-0.310526956,-0.299338543,-0.263177823,-0.279586237,-0.385759606,-0.27429093,-0.279010895,-0.359277021,-0.31764463,-0.301179909,-0.284369389,-0.325946602,-0.288568596,-0.246483222,-0.263579875,-0.295557832,-0.310529814,-0.35793898,-0.326146385,-0.348591083,-0.331246444,-0.329291843,-0.313604856,-0.276828731,-0.310272247,-0.364318295,-0.411240539,-0.456645919,-0.504626971,-0.407038403,-0.456396182,-0.405126027,-0.393253128,-0.445912023,-0.330742368,-0.442851187,-0.455201107,-0.512719074,-0.331895048,-0.333300087,-0.507731866,-0.483091137,-0.456954844,-0.411486846,-0.378819892,-0.324395247,-0.34321103,-0.319305243,-0.412927555,-0.453345855,-0.319243124,-0.565429384,-0.485212021,-0.418856391,-0.445425619,-0.337771633,-0.382594544,-0.406843063,-0.469919373,-0.396252273,-0.546156751,-0.563579644,-0.574225289,-0.429668014,-0.533764383,-0.532439974,-0.530600719,-0.745076366,-0.520409803,-0.637646413,-0.557046121,-0.67803056,-0.612196173,15,944,51,207,4354.31,0,2021-208,13:36.2
187,0.032,0,-0.494189627,-0.548498012,-0.41257405,-0.366464554,-0.590012906,-0.368831311,-0.381873085,-0.349038043,-0.40870042,-0.290941555,-0.521660225,-0.545777596,-0.372171745,-0.360505369,-0.412711793,-0.440869543,-0.372864431,-0.410347552,-0.400646161,-0.416865964,-0.377224417,-0.284020528,-0.354120955,-0.285097724,-0.287821187,-0.323364742,-0.335840527,-0.206805478,-0.30975914,-0.223251946,-0.231078463,-0.261821863,-0.268612321,-0.279322008,-0.252924952,-0.289696477,-0.252699521,-0.218941335,-0.265041302,-0.286882628,-0.35060587,-0.296136137,-0.306894245,-0.311660806,-0.399756827,-0.308893274,-0.307953798,-0.291611691,-0.274482827,-0.25097283,-0.238422849,-0.243279754,-0.224258775,-0.289252618,-0.237174889,-0.306504276,-0.238712868,-0.286263521,-0.214222558,-0.273419389,-0.262042975,-0.232510629,-0.266440373,-0.250819753,-0.349545846,-0.255257666,-0.268113734,-0.284578848,-0.213477633,-0.253662899,-0.252703507,-0.230386477,-0.284801262,-0.323471781,-0.374790705,-0.366097698,-0.411261809,-0.347789125,-0.391100895,-0.320307273,-0.348252859,-0.325996684,-0.326146385,-0.269578334,-0.324592637,-0.248578112,-0.197707409,-0.40185488,-0.310272247,-0.444399449,-0.411240539,-0.433901568,-0.420039301,-0.445820217,-0.386242544,-0.405126027,-0.440239583,-0.477307645,-0.504285873,-0.363524138,-0.495131028,-0.360126502,-0.436685344,-0.518766954,-0.507731866,-0.443074973,-0.417174671,-0.292854877,-0.402417966,-0.512554996,-0.405839351,-0.428878825,-0.444237223,-0.445511989,-0.468184053,-0.43977841,-0.390725478,-0.490099894,-0.52525529,-0.604637747,-0.440090504,-0.490565963,-0.307198977,-0.36991155,-0.330352045,-0.360753664,-0.432653334,-0.555087544,-0.47471094,-0.422203954,-0.510204374,-0.630762597,-0.60522408,-0.540138678,-0.579270183,-0.55235933,-0.812502867,15,937,51,208,4355.98,0,2021-208,13:37.9
187,0.032,0,-0.483009625,-0.506105307,-0.372408153,-0.366464554,-0.38501466,-0.424016665,-0.391069971,-0.470108926,-0.570279656,-0.416351556,-0.560731508,-0.555574358,-0.548060931,-0.437606448,-0.393809107,-0.394973361,-0.514762746,-0.350721346,-0.335619395,-0.316617018,-0.472031907,-0.325394791,-0.33459438,-0.377627873,-0.2407887,-0.215904531,-0.193170173,-0.120779905,-0.22986803,-0.255112462,-0.263074189,-0.234866045,-0.372431237,-0.323755813,-0.405712085,-0.272339682,-0.412232048,-0.417874787,-0.44927261,-0.41153562,-0.35060587,-0.346792335,-0.325897377,-0.336901098,-0.262153363,-0.296537543,-0.307953798,-0.309529093,-0.327140842,-0.182253942,-0.361990016,-0.243279754,-0.316494983,-0.326708097,-0.32683207,-0.264903478,-0.295138894,-0.33181062,-0.269189858,-0.278368514,-0.232578977,-0.237392947,-0.193409663,-0.192434134,-0.24712126,-0.225870414,-0.24343418,-0.209689678,-0.274283035,-0.263976914,-0.252703507,-0.289461309,-0.186271159,-0.368055525,-0.335231379,-0.348890086,-0.387891673,-0.401421662,-0.385028465,-0.363618796,-0.379688729,-0.370715899,-0.40403829,-0.467110208,-0.41109212,-0.389827141,-0.388597322,-0.297666423,-0.310272247,-0.422559134,-0.448469006,-0.441483018,-0.496937183,-0.484602031,-0.495370425,-0.412945181,-0.416746356,-0.48515655,-0.378072415,-0.458716597,-0.391313232,-0.384220066,-0.372199008,-0.462320516,-0.47554652,-0.43507174,-0.488778982,-0.474757229,-0.536140389,-0.481195038,-0.593724315,-0.4914923,-0.389445304,-0.492515188,-0.436828068,-0.486897525,-0.477338142,-0.593007178,-0.517272323,-0.345858485,-0.497586464,-0.406843063,-0.401405522,-0.405032514,-0.636075378,-0.535921555,-0.574225289,-0.584030513,-0.602660066,-0.65269745,-0.591789755,-0.630762597,-0.732445496,-0.62681222,-0.64594237,-0.700879874,-0.682892653,15,934,51,209,4357.65,0,2021-208,13:39.5
187,0.032,0,-0.527729633,-0.548498012,-0.553154689,-0.424195205,-0.487513783,-0.451609342,-0.611795226,-0.423543202,-0.513251691,-0.512820787,-0.345839455,-0.486997026,-0.362400124,-0.360505369,-0.412711793,-0.440869543,-0.470419523,-0.384793464,-0.433159544,-0.386020135,-0.486617675,-0.346081923,-0.360629814,-0.272760371,-0.258425882,-0.227216133,-0.286454635,-0.271324657,-0.235194104,-0.276352806,-0.199082738,-0.175563245,-0.312325549,-0.25155088,-0.292536431,-0.31283887,-0.311785642,-0.297309058,-0.320310694,-0.374139722,-0.34431246,-0.486096881,-0.395575527,-0.418932044,-0.393502125,-0.401561257,-0.423501848,-0.393143636,-0.40905331,-0.371230883,-0.32828988,-0.265337942,-0.278515368,-0.251797138,-0.200257226,-0.223302681,-0.218194313,-0.215412477,-0.244204721,-0.233826385,-0.247310976,-0.208099039,-0.242096803,-0.299474435,-0.256875983,-0.309134293,-0.24343418,-0.334504962,-0.304685736,-0.36711707,-0.31057976,-0.251868234,-0.279327368,-0.284461005,-0.31262605,-0.245644409,-0.335308868,-0.3120341,-0.251435016,-0.345056715,-0.423698948,-0.370715899,-0.37158333,-0.374928667,-0.297977412,-0.362922564,-0.306787359,-0.249045143,-0.395593915,-0.393438714,-0.403794845,-0.418738667,-0.420039301,-0.376012952,-0.440806484,-0.319115329,-0.307111296,-0.359574061,-0.441179144,-0.371456843,-0.495131028,-0.432407194,-0.428624552,-0.494575624,-0.556009883,-0.339032947,-0.488778982,-0.482666027,-0.418150016,-0.347915216,-0.444982052,-0.327131928,-0.444237223,-0.429844256,-0.421150075,-0.486897525,-0.54820305,-0.43468828,-0.541221225,-0.442900708,-0.423663087,-0.482193673,-0.384277059,-0.352351068,-0.60909979,-0.499044105,-0.564787159,-0.487553951,-0.622344547,-0.602590168,-0.581591582,-0.641154758,-0.541613372,-0.496801908,-0.534822059,-0.518085358,-0.753589134,15,938,50,210,4359.32,0,2021-208,13:41.2
187,0.032,0,-0.483009625,-0.537899836,-0.402532576,-0.308733902,-0.329106047,-0.267658163,-0.354282428,-0.404916912,-0.427709742,-0.503173864,-0.668177534,-0.643745214,-0.391714988,-0.553258066,-0.507225222,-0.440869543,-0.417207654,-0.427383611,-0.360004432,-0.324328475,-0.311588462,-0.290916238,-0.308558946,-0.315941107,-0.323095553,-0.238527734,-0.242556065,-0.169169289,-0.213889807,-0.239182204,-0.20974798,-0.229474881,-0.21943494,-0.318201588,-0.20765469,-0.226054896,-0.217247849,-0.333478777,-0.29574652,-0.274417329,-0.28137836,-0.258143988,-0.319563,-0.336901098,-0.274662769,-0.271826081,-0.253220511,-0.22591455,-0.286184609,-0.239519682,-0.249656228,-0.259823395,-0.229684435,-0.19828931,-0.226626985,-0.285703877,-0.295138894,-0.225534055,-0.219219585,-0.214029883,-0.227668311,-0.203216721,-0.222621947,-0.226492412,-0.271508067,-0.225870414,-0.134844145,-0.169748787,-0.203343399,-0.263976914,-0.215873164,-0.225016037,-0.219114527,-0.290033973,-0.284369389,-0.239908538,-0.276883528,-0.276279075,-0.293942023,-0.239871588,-0.335678511,-0.274889011,-0.313164401,-0.335422292,-0.357861669,-0.369648708,-0.320422353,-0.332395909,-0.310272247,-0.458959659,-0.314446524,-0.358087064,-0.412349513,-0.19761661,-0.386242544,-0.381668564,-0.369759901,-0.445912023,-0.385960756,-0.434918482,-0.287495436,-0.432407194,-0.452806928,-0.494575624,-0.523824538,-0.451078206,-0.456954844,-0.43521324,-0.323757718,-0.261675331,-0.34321103,-0.311478559,-0.397272721,-0.445511989,-0.483862046,-0.596842128,-0.461590385,-0.545511509,-0.461391553,-0.353945337,-0.316884876,-0.507310543,-0.358584365,-0.527955887,-0.474221849,-0.508263467,-0.489282116,-0.420020358,-0.514079902,-0.662718906,-0.591789755,-0.589193953,-0.562816941,-0.572641257,-0.568158152,-0.700879874,-0.706458147,15,941,50,211,4360.99,0,2021-208,13:42.9
187,0.032,0,-0.404749611,-0.548498012,-0.462781421,-0.385708104,-0.440923272,-0.396423988,-0.372676199,-0.432856347,-0.494242369,-0.416351556,-0.550963687,-0.545777596,-0.381943367,-0.466519352,-0.450517164,-0.385794124,-0.275309339,-0.376275434,-0.416902852,-0.293482646,-0.282416927,-0.263333396,-0.269505795,-0.315941107,-0.276063065,-0.227216133,-0.30840392,-0.292831051,-0.160629067,-0.276352806,-0.279072052,-0.358862809,-0.323253856,-0.334864264,-0.281218865,-0.31283887,-0.353145927,-0.369648495,-0.338733825,-0.330511175,-0.35689928,-0.220151839,-0.325897377,-0.204389569,-0.349719204,-0.25947035,-0.234976082,-0.261749354,-0.274482827,-0.336871439,-0.249656228,-0.320483411,-0.240535753,-0.342760446,-0.263544648,-0.223302681,-0.259231423,-0.24577721,-0.239207694,-0.263521138,-0.266953641,-0.300863081,-0.266440373,-0.216761475,-0.198347648,-0.279747042,-0.268113734,-0.279586237,-0.289484386,-0.377431085,-0.226396119,-0.353906581,-0.306696841,-0.239877261,-0.290020721,-0.222700925,-0.370364071,-0.23456488,-0.391100895,-0.388368238,-0.436273296,-0.364327439,-0.332637377,-0.361759875,-0.278015992,-0.396553285,-0.361327334,-0.374071292,-0.367153359,-0.386158609,-0.381457765,-0.251946759,-0.443108665,-0.407038403,-0.456396182,-0.389487718,-0.51855034,-0.34387625,-0.41751412,-0.339726023,-0.271523467,-0.36815769,-0.436685344,-0.341363864,-0.443361175,-0.451078206,-0.313746222,-0.316581271,-0.457480141,-0.324395247,-0.36669665,-0.342785297,-0.389445304,-0.367173323,-0.374116098,-0.455484782,-0.359229963,-0.371360721,-0.373578914,-0.426727004,-0.530441298,-0.507310543,-0.487047835,-0.598197814,-0.5101893,-0.545140918,-0.649730332,-0.69015473,-0.642029028,-0.532439974,-0.591789755,-0.620370436,-0.573418726,-0.5076361,-0.479261903,-0.506660701,-0.623978919,15,936,51.5,212,4362.66,0,2021-208,13:44.5
187,0.032,0,-0.594809645,-0.52730166,-0.53307174,-0.501169407,-0.459559476,-0.55278249,-0.400266856,-0.647058678,-0.446719064,-0.570702326,-0.541195867,-0.447809979,-0.567604174,-0.466519352,-0.356003735,-0.468407252,-0.461550878,-0.299613169,-0.416902852,-0.316617018,-0.369931533,-0.401247608,-0.386665248,-0.359121843,-0.340732736,-0.334676344,-0.275479992,-0.303584247,-0.325737362,-0.302903236,-0.263074189,-0.310342336,-0.279540628,-0.312647362,-0.371759389,-0.353338058,-0.30587703,-0.309365631,-0.301887563,-0.386605021,-0.35689928,-0.308800186,-0.29422549,-0.292730588,-0.312190987,-0.302715409,-0.338361179,-0.309529093,-0.350544404,-0.2796057,-0.317056501,-0.281881582,-0.256812731,-0.257147921,-0.2688186,-0.264903478,-0.264361061,-0.281202732,-0.31916013,-0.288266765,-0.28168564,-0.339921625,-0.285915229,-0.309205372,-0.330036401,-0.284644917,-0.277985555,-0.2196749,-0.324954204,-0.263976914,-0.321102715,-0.208904719,-0.323118525,-0.301179909,-0.267415392,-0.383305311,-0.311938732,-0.38950332,-0.385028465,-0.382180877,-0.348252859,-0.44098895,-0.326146385,-0.295915917,-0.297977412,-0.322565699,-0.354509837,-0.332395909,-0.374263498,-0.378878505,-0.441023312,-0.418738667,-0.46617803,-0.352743864,-0.440806484,-0.530232497,-0.46373281,-0.406667495,-0.520062555,-0.482514712,-0.455201107,-0.416344818,-0.485050095,-0.430065409,-0.443361175,-0.467084671,-0.385350533,-0.403578048,-0.418150016,-0.512554996,-0.452810592,-0.530625722,-0.491201725,-0.563019986,-0.523057027,-0.549723013,-0.461590385,-0.48218395,-0.405510783,-0.378205892,-0.382594544,-0.440332223,-0.45279091,-0.352351068,-0.501197437,-0.545140918,-0.404338943,-0.555087544,-0.592817825,-0.472311236,-0.581591582,-0.661939079,-0.668834788,-0.800159304,-0.634830339,-0.55235933,-0.682892653,15,937,52,213,4364.33,0,2021-208,13:46.2
187,0.032,0,-0.550089637,-0.537899836,-0.573237637,-0.520412958,-0.487513783,-0.442411783,-0.510629484,-0.414230057,-0.361177116,-0.319882324,-0.511892405,-0.379232647,-0.469887959,-0.553258066,-0.450517164,-0.615275033,-0.479288167,-0.376275434,-0.514443001,-0.447711794,-0.464739023,-0.366769055,-0.347612097,-0.365290519,-0.323095553,-0.232871933,-0.231581422,-0.265948059,-0.277802696,-0.276352806,-0.247076326,-0.27260419,-0.2358274,-0.329310039,-0.286877648,-0.272339682,-0.317694254,-0.309365631,-0.252759214,-0.293115277,-0.34431246,-0.410112583,-0.306894245,-0.381071607,-0.418520936,-0.333604736,-0.356605608,-0.381198701,-0.332991733,-0.302511995,-0.333906569,-0.199163378,-0.294792346,-0.33205888,-0.316284166,-0.285703877,-0.22845359,-0.271081154,-0.26419283,-0.293215891,-0.257132308,-0.320392353,-0.271309087,-0.245954285,-0.232489177,-0.24056404,-0.277985555,-0.25462318,-0.274283035,-0.248505891,-0.205350209,-0.294831749,-0.273853473,-0.273315069,-0.318277382,-0.366097698,-0.399576741,-0.413340003,-0.391100895,-0.363618796,-0.480283514,-0.43460049,-0.378074322,-0.295915917,-0.357861669,-0.430184006,-0.306787359,-0.387963086,-0.338712803,-0.407998924,-0.359120685,-0.365668515,-0.473867818,-0.360500227,-0.401832241,-0.326934483,-0.416746356,-0.445912023,-0.370184074,-0.426985777,-0.327425357,-0.352095314,-0.444746136,-0.430065409,-0.507731866,-0.459081438,-0.504691051,-0.482666027,-0.544006414,-0.465515059,-0.429324972,-0.381918719,-0.365963053,-0.398508789,-0.468184053,-0.486897525,-0.453716506,-0.577175288,-0.573153093,-0.378205892,-0.464731629,-0.440332223,-0.435662447,-0.519175646,-0.420270673,-0.489824742,-0.470405855,-0.458610983,-0.504237662,-0.612611624,-0.632582445,-0.537233149,-0.668834788,-0.648480606,-0.612606277,-0.67803056,-0.671109906,15,939,50,214,4366,0,2021-208,13:47.9
187,0.032,0,-0.572449641,-0.548498012,-0.53307174,-0.462682306,-0.534104293,-0.543584931,-0.473841941,-0.51667465,-0.465728386,-0.493526941,-0.560731508,-0.447809979,-0.469887959,-0.514707526,-0.412711793,-0.514303433,-0.452682233,-0.333685287,-0.392517815,-0.463134709,-0.377224417,-0.318499081,-0.249979219,-0.266591695,-0.258425882,-0.244183534,-0.280967314,-0.282077854,-0.30975914,-0.27104272,-0.252408947,-0.224083717,-0.208506633,-0.323755813,-0.213313473,-0.301267673,-0.264516746,-0.26113934,-0.271182345,-0.274417329,-0.37577951,-0.327796261,-0.338566131,-0.349521243,-0.274662769,-0.327426871,-0.356605608,-0.273694289,-0.239377484,-0.302511995,-0.215956091,-0.281881582,-0.273089709,-0.316006532,-0.226626985,-0.223302681,-0.223323952,-0.276141943,-0.274186885,-0.23877551,-0.227668311,-0.315510035,-0.266440373,-0.280012562,-0.310526956,-0.274849167,-0.228626448,-0.299556682,-0.274283035,-0.279447938,-0.252703507,-0.28409087,-0.295749052,-0.340190685,-0.335231379,-0.239908538,-0.26519846,-0.258401563,-0.251435016,-0.289370471,-0.379688729,-0.332385143,-0.332637377,-0.328837896,-0.377823088,-0.322565699,-0.313604856,-0.367125394,-0.416924333,-0.393438714,-0.403794845,-0.373249965,-0.343141419,-0.469089305,-0.40962709,-0.389487718,-0.40891528,-0.312480628,-0.34651905,-0.300062498,-0.311453389,-0.376188878,-0.452806928,-0.349427641,-0.564056219,-0.387052344,-0.34557036,-0.39566925,-0.378819892,-0.355755205,-0.37452519,-0.241038399,-0.358135636,-0.343671724,-0.460345057,-0.43977841,-0.493085899,-0.48218395,-0.461391553,-0.418640152,-0.448304212,-0.490565963,-0.487047835,-0.492834923,-0.447246261,-0.397631115,-0.527034638,-0.477906295,-0.661713508,-0.592568712,-0.540798892,-0.474880184,-0.520409803,-0.518470293,-0.457037841,-0.609482616,-0.623978919,15,942,52,215,4367.67,0,2021-208,13:49.5
187,0.032,0,-0.505369629,-0.453114426,-0.352325205,-0.279868577,-0.422287068,-0.29525084,-0.446251284,-0.451482636,-0.380186438,-0.52246771,-0.365375096,-0.310655315,-0.381943367,-0.389418274,-0.337101049,-0.468407252,-0.337389852,-0.299613169,-0.490057964,-0.386020135,-0.355345765,-0.284020528,-0.373647531,-0.260423018,-0.311337431,-0.289429939,-0.253530707,-0.260571461,-0.2564984,-0.260422548,-0.284404673,-0.294168845,-0.224899093,-0.268213557,-0.258583735,-0.185555708,-0.246790909,-0.224969621,-0.252759214,-0.286882628,-0.33801905,-0.270808037,-0.338566131,-0.374761534,-0.324700392,-0.321249005,-0.332279703,-0.285639223,-0.239377484,-0.291058847,-0.221572781,-0.237765207,-0.283941028,-0.208990875,-0.226626985,-0.296104077,-0.248972145,-0.276141943,-0.274186885,-0.223928134,-0.237489643,-0.291098445,-0.271309087,-0.250819753,-0.276385428,-0.34341942,-0.194075073,-0.264608403,-0.243880334,-0.222720852,-0.279010895,-0.28409087,-0.306696841,-0.239877261,-0.233507398,-0.320210731,-0.288568596,-0.252442392,-0.360738747,-0.326494634,-0.316816988,-0.383492817,-0.417020274,-0.427603833,-0.424399733,-0.463814728,-0.388597322,-0.332395909,-0.267611413,-0.204155985,-0.284663751,-0.350505614,-0.373900572,-0.414794766,-0.417421939,-0.366030255,-0.526381415,-0.383120778,-0.362295732,-0.379389547,-0.327425357,-0.440438382,-0.404442176,-0.397810302,-0.201971087,-0.515104068,-0.313746222,-0.324490069,-0.449614116,-0.434155101,-0.35103957,-0.350611981,-0.326825969,-0.37500719,-0.491701042,-0.471191154,-0.477338142,-0.513847729,-0.477357487,-0.523769228,-0.472945338,-0.457076803,-0.538433223,-0.45771396,-0.528173026,-0.41606984,-0.470405855,-0.612973481,-0.573133345,-0.562504343,-0.57139341,-0.516448827,-0.499206234,-0.572641257,-0.468149872,-0.598057959,-0.706458147,15,942,53,216,4369.34,0,2021-208,13:51.2
187,0.032,0,-0.471829623,-0.601488893,-0.673652379,-0.424195205,-0.506149987,-0.47000446,-0.556613912,-0.479422071,-0.342167794,-0.348823094,-0.355607276,-0.408622932,-0.323313638,-0.553258066,-0.488322536,-0.459228015,-0.497025457,-0.589226171,-0.319362704,-0.524826368,-0.384517301,-0.318499081,-0.354120955,-0.371459196,-0.287821187,-0.210248731,-0.253530707,-0.233688469,-0.224541956,-0.276352806,-0.215080601,-0.348080481,-0.312325549,-0.312647362,-0.326489127,-0.318624468,-0.27633397,-0.309365631,-0.338733825,-0.261952029,-0.29396518,-0.36578841,-0.325897377,-0.336901098,-0.324700392,-0.271826081,-0.32011675,-0.279666756,-0.251079265,-0.256699404,-0.305823122,-0.276367035,-0.283941028,-0.283901835,-0.221353033,-0.285703877,-0.290009255,-0.260959577,-0.289177967,-0.268470263,-0.232578977,-0.261804537,-0.222621947,-0.250819753,-0.24712126,-0.318930044,-0.287857376,-0.284578848,-0.324954204,-0.356803054,-0.363194536,-0.353906581,-0.31764463,-0.278888037,-0.380442037,-0.280059634,-0.317781266,-0.270319905,-0.360738747,-0.351244075,-0.335678511,-0.332385143,-0.339128369,-0.282747125,-0.357861669,-0.302387266,-0.293152366,-0.228207451,-0.345822942,-0.335197875,-0.418686232,-0.418738667,-0.420039301,-0.36825659,-0.362857998,-0.366030255,-0.432408507,-0.438063117,-0.34651905,-0.347658728,-0.471173075,-0.464531946,-0.372199008,-0.462320516,-0.515778202,-0.531110533,-0.425130706,-0.411486846,-0.339489768,-0.465515059,-0.452810592,-0.554105775,-0.459892057,-0.37500719,-0.483862046,-0.557576199,-0.445842628,-0.498015839,-0.517272323,-0.515682376,-0.522227589,-0.473821383,-0.469919373,-0.431373237,-0.429262535,-0.443727928,-0.536472768,-0.468258639,-0.553448864,-0.492354149,-0.673375135,-0.609978275,-0.774852634,-0.670148991,-0.757062681,-0.815126447,-0.824285614,15,938,51,217,4371.01,0,2021-208,13:52.9
187,0.032,0,-0.583629643,-0.516703484,-0.472822895,-0.453060531,-0.366378456,-0.460806901,-0.381873085,-0.498048361,-0.446719064,-0.541761556,-0.502124584,-0.467403503,-0.528517688,-0.456881717,-0.535579251,-0.587737324,-0.363995786,-0.376275434,-0.449416235,-0.324328475,-0.355345765,-0.366769055,-0.282523512,-0.32827846,-0.323095553,-0.30074154,-0.275479992,-0.271324657,-0.30975914,-0.27104272,-0.247076326,-0.240257208,-0.208506633,-0.284876234,-0.292536431,-0.295482075,-0.258608134,-0.315393917,-0.277323389,-0.386605021,-0.31284541,-0.308800186,-0.338566131,-0.248560078,-0.343464501,-0.339782602,-0.399175942,-0.40508857,-0.391500638,-0.348324587,-0.390073463,-0.281881582,-0.229684435,-0.262498704,-0.18443537,-0.218102581,-0.166897926,-0.225534055,-0.22921364,-0.332808895,-0.271864307,-0.339921625,-0.305390085,-0.362725522,-0.330036401,-0.269951291,-0.277985555,-0.269601014,-0.274283035,-0.22787786,-0.242180552,-0.337795263,-0.361435787,-0.362482557,-0.38609337,-0.429192279,-0.393734207,-0.38950332,-0.427535472,-0.413117679,-0.385975903,-0.383492817,-0.378074322,-0.315669104,-0.351207863,-0.329291843,-0.388597322,-0.332395909,-0.367153359,-0.458959659,-0.426131926,-0.486971721,-0.450798454,-0.492358393,-0.487575576,-0.459860108,-0.401084204,-0.469458739,-0.449067485,-0.434918482,-0.455201107,-0.536812638,-0.42056376,-0.45425674,-0.41117583,-0.323026481,-0.409218637,-0.498483623,-0.418150016,-0.465515059,-0.34321103,-0.319305243,-0.279861467,-0.390674923,-0.428989072,-0.471191154,-0.469464264,-0.474268005,-0.541221225,-0.588464043,-0.497586464,-0.515682834,-0.624075536,-0.475274441,-0.420270673,-0.434508565,-0.413777073,-0.448963327,-0.4648687,-0.452268323,-0.510204374,-0.589193953,-0.552215157,-0.62681222,-0.54593409,-0.63233193,-0.576847932,15,932,51.5,218,4372.68,0,2021-208,13:54.6
187,0.032,0,-0.516549631,-0.52730166,-0.452739947,-0.356842779,-0.366378456,-0.424016665,-0.529023255,-0.376977478,-0.456223725,-0.425998479,-0.443517661,-0.555574358,-0.557832552,-0.476156987,-0.573384623,-0.477586488,-0.443813589,-0.410347552,-0.286849321,-0.316617018,-0.282416927,-0.290916238,-0.308558946,-0.32827846,-0.287821187,-0.278118338,-0.357789812,-0.346597034,-0.304433066,-0.345383924,-0.263074189,-0.218692554,-0.257684014,-0.25155088,-0.235948604,-0.301267673,-0.317694254,-0.297309058,-0.332592781,-0.342976474,-0.39465974,-0.378452459,-0.427247413,-0.368451462,-0.443539748,-0.345960467,-0.247139034,-0.297584158,-0.180868579,-0.245246256,-0.204722713,-0.265337942,-0.283941028,-0.342760446,-0.316284166,-0.254503279,-0.320787087,-0.33181062,-0.294174994,-0.258572012,-0.291506972,-0.281333809,-0.212884519,-0.23135788,-0.217857093,-0.309134293,-0.248370091,-0.274593625,-0.29961862,-0.243348883,-0.273749417,-0.327054385,-0.241010105,-0.317898813,-0.222204734,-0.25138028,-0.29441113,-0.306074929,-0.293942023,-0.345056715,-0.373401555,-0.364327439,-0.410529282,-0.249825146,-0.297977412,-0.342744131,-0.334057347,-0.318504114,-0.381373637,-0.400718819,-0.426131926,-0.494553171,-0.481557606,-0.422551129,-0.394037393,-0.452040953,-0.330604523,-0.430214211,-0.464844167,-0.411120367,-0.359369295,-0.32800175,-0.412502968,-0.438129186,-0.459453848,-0.43507174,-0.425130706,-0.474757229,-0.481078215,-0.473355048,-0.499781833,-0.405398772,-0.389445304,-0.484681321,-0.45250606,-0.471191154,-0.524581414,-0.371360721,-0.349630013,-0.499508672,-0.497586464,-0.390098483,-0.401405522,-0.492834923,-0.5101893,-0.51748283,-0.555349029,-0.555087544,-0.69124023,-0.422203954,-0.591789755,-0.589193953,-0.679436573,-0.62681222,-0.64594237,-0.620907273,-0.517934199,15,943,52,219,4374.35,0,2021-208,13:56.2
187,0.032,0,-0.572449641,-0.52730166,-0.502947318,-0.424195205,-0.422287068,-0.515992254,-0.492235712,-0.51667465,-0.636812283,-0.464586171,-0.658409713,-0.575167882,-0.479659581,-0.408693543,-0.289844334,-0.367435652,-0.337389852,-0.274059081,-0.262464284,-0.262636816,-0.369931533,-0.242646264,-0.308558946,-0.297435077,-0.311337431,-0.312053141,-0.275479992,-0.222935273,-0.213889807,-0.21794186,-0.215080601,-0.207910226,-0.213970786,-0.218225526,-0.168043211,-0.243411691,-0.30587703,-0.24305448,-0.258900258,-0.243254081,-0.21215085,-0.277140062,-0.22454734,-0.273800369,-0.299681581,-0.290359678,-0.253220511,-0.303556626,-0.227675703,-0.296785421,-0.288973054,-0.342541599,-0.283941028,-0.326708097,-0.263544648,-0.296104077,-0.218194313,-0.266020365,-0.204228503,-0.204131632,-0.247310976,-0.208099039,-0.271309087,-0.241088816,-0.266630705,-0.279747042,-0.189139162,-0.249630569,-0.269215918,-0.253662899,-0.28953385,-0.337795263,-0.268379579,-0.329044749,-0.31262605,-0.331682473,-0.341151402,-0.264360734,-0.366811177,-0.26462103,-0.385975903,-0.35793898,-0.352110353,-0.3222535,-0.291323605,-0.275482689,-0.252247384,-0.290720526,-0.331602664,-0.320637665,-0.329337911,-0.358087064,-0.389280148,-0.360500227,-0.448601333,-0.358211101,-0.416746356,-0.438063117,-0.433290803,-0.339726023,-0.415271185,-0.424376006,-0.3802598,-0.381682748,-0.387036821,-0.467084671,-0.377394498,-0.39566925,-0.410283991,-0.418475122,-0.452810592,-0.350611981,-0.538166227,-0.422010389,-0.483862046,-0.353393365,-0.485212021,-0.545511509,-0.429459685,-0.402466448,-0.571509841,-0.490565963,-0.341455903,-0.45771396,-0.438254398,-0.41606984,-0.432653334,-0.381429734,-0.494395421,-0.472311236,-0.622384272,-0.609978275,-0.60522408,-0.5076361,-0.668166432,-0.63233193,-0.635761666,15,944,50.5,220,4376.03,0,2021-208,13:57.9
187,0.032,0,-0.583629643,-0.739265184,-0.583279111,-0.462682306,-0.571376701,-0.543584931,-0.483038827,-0.395603767,-0.484737708,-0.464586171,-0.697480996,-0.62415169,-0.616462281,-0.553258066,-0.56393328,-0.532661906,-0.514762746,-0.427383611,-0.351876087,-0.440000336,-0.311588462,-0.270229107,-0.393174106,-0.241916988,-0.229030578,-0.278118338,-0.231581422,-0.260571461,-0.325737362,-0.228562032,-0.295069915,-0.348080481,-0.246755707,-0.351526941,-0.275560083,-0.301267673,-0.347237315,-0.285252485,-0.252759214,-0.349209124,-0.29396518,-0.226483864,-0.313228622,-0.324280952,-0.268408066,-0.308893274,-0.307953798,-0.255776887,-0.321289952,-0.268152552,-0.272122986,-0.248794301,-0.262238391,-0.230394007,-0.342653925,-0.23890298,-0.248972145,-0.286263521,-0.244204721,-0.273419389,-0.222757644,-0.222745993,-0.222621947,-0.250819753,-0.266630705,-0.318930044,-0.218754627,-0.244637957,-0.228678984,-0.243348883,-0.226396119,-0.273349991,-0.328592419,-0.329044749,-0.346534044,-0.320210731,-0.387891673,-0.401421662,-0.281797164,-0.338869355,-0.260232422,-0.268500551,-0.326146385,-0.3222535,-0.397784508,-0.369648708,-0.361327334,-0.3532336,-0.338712803,-0.386158609,-0.329337911,-0.403575767,-0.427729089,-0.360500227,-0.394037393,-0.350391946,-0.401084204,-0.430214211,-0.338630709,-0.442851187,-0.463187091,-0.440438382,-0.3802598,-0.430065409,-0.427268503,-0.451078206,-0.377394498,-0.419395644,-0.481078215,-0.512554996,-0.452810592,-0.413225456,-0.389445304,-0.516016787,-0.381955094,-0.518310269,-0.414347113,-0.442604225,-0.52525529,-0.378205892,-0.489372755,-0.498938253,-0.461355141,-0.527955887,-0.519181163,-0.51748283,-0.489282116,-0.64191645,-0.543606623,-0.372096673,-0.550997065,-0.464488023,-0.520409803,-0.496801908,-0.490373934,-0.620907273,-0.777154627,15,938,48,221,4377.7,0,2021-208,13:59.6
187,0.032,0,-0.438289617,-0.61208707,-0.332242256,-0.510791182,-0.487513783,-0.414819106,-0.492235712,-0.451482636,-0.475233047,-0.52246771,-0.521660225,-0.555574358,-0.557832552,-0.505069892,-0.46941985,-0.42251107,-0.57684326,-0.546636024,-0.546956384,-0.416865964,-0.384517301,-0.380560476,-0.41920954,-0.297435077,-0.311337431,-0.249839335,-0.259018029,-0.282077854,-0.235194104,-0.21794186,-0.236411084,-0.304951172,-0.323253856,-0.301538911,-0.235948604,-0.295482075,-0.323602866,-0.224969621,-0.351015912,-0.361674423,-0.31913882,-0.315132211,-0.325897377,-0.349521243,-0.399756827,-0.290359678,-0.277546416,-0.309529093,-0.292035499,-0.285332274,-0.305823122,-0.281881582,-0.289366687,-0.364163577,-0.289914407,-0.348105073,-0.31052781,-0.321689043,-0.354139321,-0.258572012,-0.286596306,-0.203216721,-0.203147091,-0.260550689,-0.183715565,-0.269951291,-0.307601019,-0.28957146,-0.264148802,-0.305232976,-0.215873164,-0.267979552,-0.241010105,-0.340190685,-0.301323386,-0.31447486,-0.335308868,-0.329911612,-0.342521459,-0.338869355,-0.373401555,-0.313219766,-0.306673409,-0.3222535,-0.271362186,-0.295661122,-0.231794894,-0.290720526,-0.367153359,-0.400718819,-0.351674991,-0.403575767,-0.458488242,-0.422551129,-0.448601333,-0.405126027,-0.479394961,-0.469458739,-0.441179144,-0.426985777,-0.455201107,-0.424376006,-0.388320592,-0.430065409,-0.370944149,-0.379049111,-0.417174671,-0.39566925,-0.457480141,-0.418475122,-0.484124753,-0.507145669,-0.45206464,-0.390674923,-0.436828068,-0.502603897,-0.571824685,-0.529679619,-0.52525529,-0.572290339,-0.514013881,-0.423587643,-0.495612066,-0.536736128,-0.429262535,-0.582018369,-0.59310155,-0.699802386,-0.622344547,-0.682761819,-0.673375135,-0.661939079,-0.626427649,-0.485967715,-0.512597996,-0.666605902,-0.588630679,15,937,50.5,222,4379.37,0,2021-208,14:01.2
187,0.032,0,-0.617169649,-0.463712603,-0.472822895,-0.501169407,-0.412968966,-0.424016665,-0.510629484,-0.507361506,-0.475233047,-0.52246771,-0.560731508,-0.56537112,-0.421029852,-0.447244083,-0.478871193,-0.532661906,-0.381733075,-0.504045877,-0.384389469,-0.386020135,-0.406395952,-0.359873344,-0.406191823,-0.34678449,-0.387765223,-0.30074154,-0.396201062,-0.282077854,-0.251172326,-0.292283064,-0.252408947,-0.245648372,-0.290468935,-0.351526941,-0.235948604,-0.301267673,-0.376780375,-0.279224199,-0.314169651,-0.293115277,-0.34431246,-0.315132211,-0.344900509,-0.38738168,-0.337209798,-0.358316198,-0.332279703,-0.333418962,-0.292035499,-0.388410605,-0.272122986,-0.325997958,-0.316494983,-0.219692441,-0.284640455,-0.306504276,-0.22845359,-0.29132431,-0.294174994,-0.273419389,-0.242400309,-0.242275265,-0.261571659,-0.28487803,-0.295894873,-0.235666165,-0.287857376,-0.299556682,-0.330021321,-0.279447938,-0.294795327,-0.241127355,-0.284801262,-0.290033973,-0.335231379,-0.308738989,-0.317781266,-0.270319905,-0.300014452,-0.351244075,-0.323104163,-0.402658195,-0.345619361,-0.289331521,-0.351207863,-0.342744131,-0.279517372,-0.332395909,-0.374263498,-0.3715984,-0.359120685,-0.365668515,-0.412349513,-0.391525678,-0.440806484,-0.389487718,-0.393253128,-0.351725156,-0.370184074,-0.458716597,-0.455201107,-0.504687886,-0.404442176,-0.494575624,-0.427268503,-0.475087904,-0.425130706,-0.332398867,-0.481078215,-0.387115163,-0.37452519,-0.36626535,-0.499029142,-0.453345855,-0.483862046,-0.424072038,-0.382851599,-0.537595564,-0.46937452,-0.45098756,-0.456517921,-0.490565963,-0.546997454,-0.422592996,-0.438254398,-0.379192389,-0.470405855,-0.342839109,-0.504237662,-0.442246867,-0.459213512,-0.67233124,-0.60522408,-0.5076361,-0.690390495,-0.598057959,-0.623978919,15,941,49.5,223,4381.04,0,2021-208,14:02.9
187,0.032,0,-0.415929613,-0.400123545,-0.543113214,-0.376086329,-0.487513783,-0.37802887,-0.326691771,-0.386290622,-0.475233047,-0.570702326,-0.42398202,-0.428216456,-0.430801474,-0.533982796,-0.450517164,-0.294001761,-0.443813589,-0.333685287,-0.514443001,-0.332039933,-0.369931533,-0.325394791,-0.33459438,-0.272760371,-0.246667761,-0.312053141,-0.269992671,-0.319714042,-0.261824474,-0.276352806,-0.241743705,-0.256430699,-0.224899093,-0.196008623,-0.281218865,-0.231840494,-0.30587703,-0.339507063,-0.338733825,-0.380372372,-0.34431246,-0.378452459,-0.29422549,-0.330591025,-0.237134552,-0.302715409,-0.27146494,-0.267721821,-0.256930156,-0.313965143,-0.333906569,-0.270852488,-0.26766405,-0.235744789,-0.189709322,-0.212902482,-0.177157203,-0.240716421,-0.249201749,-0.253622887,-0.247310976,-0.300863081,-0.285915229,-0.23135788,-0.237366538,-0.279747042,-0.258241912,-0.299556682,-0.274283035,-0.315546992,-0.357933058,-0.278720431,-0.339540208,-0.329044749,-0.340882712,-0.262852021,-0.3236238,-0.300115759,-0.312159311,-0.326494634,-0.285381118,-0.389881276,-0.332637377,-0.447357021,-0.424399733,-0.423457862,-0.422684806,-0.415746674,-0.388483776,-0.32791777,-0.374012072,-0.418738667,-0.427729089,-0.344987501,-0.425216787,-0.342572792,-0.252293766,-0.336027345,-0.393849097,-0.490447417,-0.359369295,-0.432407194,-0.404442176,-0.373618971,-0.362897813,-0.323026481,-0.385350533,-0.514301219,-0.418150016,-0.44983508,-0.484124753,-0.358438665,-0.405100138,-0.328003991,-0.280048142,-0.455484782,-0.398599356,-0.410940446,-0.41349375,-0.386292744,-0.399021961,-0.515682834,-0.358584365,-0.492834923,-0.447246261,-0.572799006,-0.489282116,-0.526144576,-0.602660066,-0.642675993,-0.530600719,-0.703507723,-0.626427649,-0.540138678,-0.568158152,-0.540934672,-0.494368705,15,943,51,224,4382.71,0,2021-208,14:04.6
187,0.032,0,-0.460649621,-0.495507131,-0.462781421,-0.462682306,-0.422287068,-0.433214224,-0.437054399,-0.432856347,-0.50374703,-0.474233095,-0.511892405,-0.50659055,-0.557832552,-0.379780639,-0.374906421,-0.367435652,-0.434944944,-0.367757405,-0.335619395,-0.386020135,-0.32617423,-0.339186213,-0.295541229,-0.248085665,-0.264304943,-0.238527734,-0.248043386,-0.244441666,-0.267150548,-0.27104272,-0.241743705,-0.197127899,-0.252219861,-0.207117075,-0.201995908,-0.301267673,-0.223156461,-0.279224199,-0.240477127,-0.311813226,-0.23732449,-0.334128286,-0.262553604,-0.286420515,-0.287172175,-0.265648216,-0.149835413,-0.285639223,-0.30373728,-0.285332274,-0.333906569,-0.23225066,-0.316494983,-0.2946034,-0.210805129,-0.202502282,-0.218194313,-0.266020365,-0.214222558,-0.204131632,-0.158918982,-0.256922219,-0.232359375,-0.20216507,-0.232489177,-0.211176789,-0.307601019,-0.229660123,-0.2337461,-0.248505891,-0.263226462,-0.251868234,-0.284801262,-0.284461005,-0.244810063,-0.31447486,-0.29441113,-0.341829954,-0.293942023,-0.314119913,-0.341965685,-0.325996684,-0.319655393,-0.203734375,-0.377823088,-0.255304256,-0.313604856,-0.290720526,-0.310272247,-0.364318295,-0.344229298,-0.365668515,-0.443108665,-0.376012952,-0.448601333,-0.350391946,-0.322773447,-0.461609834,-0.425402462,-0.300062498,-0.343397326,-0.352095314,-0.444746136,-0.373618971,-0.499685529,-0.419065275,-0.488778982,-0.514301219,-0.433882066,-0.418475122,-0.460639132,-0.460185563,-0.37379047,-0.437678122,-0.311404127,-0.486897525,-0.311986692,-0.323865052,-0.429459685,-0.442900708,-0.530441298,-0.465449093,-0.444226679,-0.387472032,-0.5101893,-0.489824742,-0.508158377,-0.535792232,-0.612502306,-0.532439974,-0.632582445,-0.620370436,-0.637029434,-0.659314798,-0.734838619,-0.609482616,-0.718240893,15,939,50.5,225,4384.38,0,2021-208,14:06.2