time, beta470, beta532, FL_CDOM
yyyy/mm/dd HH:MM:SS.fff, counts, counts, counts
2021/08/04 20:37:53.242, 153, 379, 104
2021/08/04 20:37:54.377, 152, 390, 152
2021/08/04 20:37:55.498, 157, 405, 15
2021/08/04 20:37:56.649, 151, 370, 99
2021/08/04 20:37:57.769, 156, 390, 10
2021/08/04 20:37:58.906, 159, 368, 73
2021/08/04 20:38:00.042, 150, 367, 61
2021/08/04 20:38:01.161, 162, 395, 81
2021/08/04 20:38:02.297, 155, 378, 43
2021/08/04 20:38:03.433, 149, 368, 100
2021/08/04 20:38:04.570, 151, 374, 91
2021/08/04 20:38:05.706, 150, 383, 27
2021/08/04 20:38:06.826, 151, 380, 54
2021/08/04 20:38:07.962, 162, 387, 64
2021/08/04 20:38:09.098, 158, 373, 25
2021/08/04 20:38:10.234, 149, 379, 70
2021/08/04 20:38:11.353, 158, 420, 21
2021/08/04 20:38:12.490, 152, 398, 68
2021/08/04 20:38:13.626, 159, 384, 76
2021/08/04 20:38:14.762, 153, 409, 107
2021/08/04 20:38:15.882, 156, 409, 99
2021/08/04 20:38:17.018, 161, 410, 61
2021/08/04 20:38:18.154, 153, 425, 84
2021/08/04 20:38:19.291, 157, 428, 76
2021/08/04 20:38:20.426, 158, 415, 110
2021/08/04 20:38:21.562, 154, 403, 69
2021/08/04 20:38:22.683, 155, 384, 49
2021/08/04 20:38:23.818, 154, 391, 80
2021/08/04 20:38:24.954, 152, 395, 50
2021/08/04 20:38:26.091, 154, 395, 81
2021/08/04 20:38:27.211, 148, 411, 97
2021/08/04 20:38:28.347, 152, 409, 53
2021/08/04 20:38:29.482, 156, 411, 53
2021/08/04 20:38:30.618, 153, 428, 43
2021/08/04 20:38:31.739, 154, 440, 96
2021/08/04 20:38:32.875, 152, 407, 71
2021/08/04 20:38:34.012, 150, 400, 50
2021/08/04 20:38:35.147, 158, 393, 85
2021/08/04 20:38:36.268, 162, 403, 80
2021/08/04 20:38:37.402, 159, 418, 31
2021/08/04 20:38:38.539, 172, 438, 53
2021/08/04 20:38:39.675, 164, 442, 56
2021/08/04 20:38:40.811, 168, 427, 139
2021/08/04 20:38:41.947, 157, 373, 109
2021/08/04 20:38:43.067, 154, 386, 40
2021/08/04 20:38:44.203, 164, 414, 72
2021/08/04 20:38:45.339, 168, 421, 76
2021/08/04 20:38:46.475, 164, 429, 25
2021/08/04 20:38:47.596, 162, 411, 77
2021/08/04 20:38:48.731, 164, 422, 49
2021/08/04 20:38:49.868, 162, 429, 105
2021/08/04 20:38:51.003, 168, 449, 98
2021/08/04 20:38:52.139, 162, 411, 116
2021/08/04 20:38:53.259, 165, 399, 88
2021/08/04 20:38:54.396, 167, 418, 56
2021/08/04 20:38:55.532, 163, 405, 59
2021/08/04 20:38:56.652, 170, 422, 89
2021/08/04 20:38:57.788, 167, 426, 50
2021/08/04 20:38:58.925, 162, 404, 94
2021/08/04 20:39:00.060, 169, 432, 104
2021/08/04 20:39:01.196, 170, 464, 105
2021/08/04 20:39:02.333, 167, 446, 48
2021/08/04 20:39:03.468, 167, 428, 21
2021/08/04 20:39:04.588, 165, 423, 44
2021/08/04 20:39:05.724, 168, 477, 87
2021/08/04 20:39:06.861, 174, 488, 42
2021/08/04 20:39:07.996, 176, 467, 81
2021/08/04 20:39:09.116, 182, 475, 68
2021/08/04 20:39:10.252, 169, 458, 107
2021/08/04 20:39:11.388, 169, 421, 82
2021/08/04 20:39:12.524, 164, 415, 47
2021/08/04 20:39:13.644, 163, 441, 64
2021/08/04 20:39:14.780, 166, 431, 78
2021/08/04 20:39:15.916, 167, 437, 116
2021/08/04 20:39:17.053, 166, 454, 53
2021/08/04 20:39:18.172, 157, 436, 109
2021/08/04 20:39:19.308, 158, 431, 60
2021/08/04 20:39:20.444, 164, 425, 83
2021/08/04 20:39:21.581, 167, 435, 102
2021/08/04 20:39:22.717, 162, 421, 78
2021/08/04 20:39:23.853, 155, 443, 39
2021/08/04 20:39:24.989, 158, 440, 143
2021/08/04 20:39:26.109, 155, 452, 71
2021/08/04 20:39:27.244, 165, 463, 69
2021/08/04 20:39:28.381, 166, 457, 38
2021/08/04 20:39:29.517, 163, 460, 66
2021/08/04 20:39:30.638, 162, 481, 108
2021/08/04 20:39:31.774, 165, 461, 157
2021/08/04 20:39:32.909, 157, 473, 100
2021/08/04 20:39:34.046, 158, 435, 109
2021/08/04 20:39:35.165, 167, 451, 62
2021/08/04 20:39:36.300, 156, 480, 98
2021/08/04 20:39:37.437, 161, 513, 148
2021/08/04 20:39:38.574, 154, 444, 53
2021/08/04 20:39:39.709, 160, 446, 33
2021/08/04 20:39:40.830, 158, 435, 102
2021/08/04 20:39:41.965, 159, 454, 16
2021/08/04 20:39:43.102, 175, 488, 94
2021/08/04 20:39:44.237, 165, 451, 94
2021/08/04 20:39:45.374, 163, 455, 45
2021/08/04 20:39:46.509, 173, 449, -6
2021/08/04 20:39:47.630, 167, 466, 146
2021/08/04 20:39:48.766, 162, 476, 135
2021/08/04 20:39:49.902, 160, 443, 81
2021/08/04 20:39:51.038, 158, 464, 21
2021/08/04 20:39:52.158, 163, 457, 58
2021/08/04 20:39:53.293, 155, 445, 68
2021/08/04 20:39:54.429, 159, 488, 191
2021/08/04 20:39:55.566, 159, 483, 64
2021/08/04 20:39:56.686, 159, 459, 55
2021/08/04 20:39:57.821, 161, 482, 84
2021/08/04 20:39:58.958, 159, 452, 38
2021/08/04 20:40:00.094, 160, 506, 56
2021/08/04 20:40:01.213, 157, 508, 132
2021/08/04 20:40:02.350, 161, 447, 15
2021/08/04 20:40:03.485, 164, 453, 121
2021/08/04 20:40:04.622, 166, 471, 84
2021/08/04 20:40:05.758, 163, 439, 44
2021/08/04 20:40:06.894, 162, 465, 69
2021/08/04 20:40:08.014, 167, 449, 46
2021/08/04 20:40:09.150, 166, 486, 43
2021/08/04 20:40:10.286, 161, 466, 34
2021/08/04 20:40:11.422, 157, 458, 42
2021/08/04 20:40:12.542, 159, 449, 149
2021/08/04 20:40:13.678, 157, 463, 51
2021/08/04 20:40:14.815, 162, 438, 19
2021/08/04 20:40:15.950, 160, 462, 95
2021/08/04 20:40:17.070, 168, 474, 75
2021/08/04 20:40:18.207, 163, 467, 76
2021/08/04 20:40:19.344, 162, 479, 39
2021/08/04 20:40:20.479, 152, 468, 75
2021/08/04 20:40:21.599, 163, 493, 56
2021/08/04 20:40:22.734, 164, 440, 87
2021/08/04 20:40:23.870, 167, 441, 23
2021/08/04 20:40:25.007, 157, 444, 83
2021/08/04 20:40:26.142, 170, 458, 60
2021/08/04 20:40:27.279, 168, 465, 32
2021/08/04 20:40:28.399, 158, 482, 137
2021/08/04 20:40:29.535, 164, 503, 4
2021/08/04 20:40:30.670, 164, 445, 28
2021/08/04 20:40:31.807, 162, 470, 23
2021/08/04 20:40:32.942, 162, 493, 101
2021/08/04 20:40:34.063, 164, 504, 118
2021/08/04 20:40:35.199, 159, 474, 163
2021/08/04 20:40:36.335, 157, 470, 102
2021/08/04 20:40:37.472, 153, 473, 72
2021/08/04 20:40:38.591, 157, 481, 117
2021/08/04 20:40:39.727, 163, 472, 98
2021/08/04 20:40:40.863, 160, 478, 117
2021/08/04 20:40:41.000, 163, 519, 14
2021/08/04 20:40:43.135, 163, 485, 76
2021/08/04 20:40:44.255, 162, 478, 127
2021/08/04 20:40:45.392, 159, 454, 93
2021/08/04 20:40:46.527, 156, 454, -4
2021/08/04 20:40:47.663, 161, 459, 19
2021/08/04 20:40:48.799, 166, 457, -1
2021/08/04 20:40:49.935, 159, 503, 124
2021/08/04 20:40:51.056, 150, 471, 115
2021/08/04 20:40:52.192, 156, 469, 53
2021/08/04 20:40:53.328, 161, 486, 82
2021/08/04 20:40:54.464, 159, 481, 88
2021/08/04 20:40:55.584, 170, 485, 66
2021/08/04 20:40:56.720, 158, 444, 150
2021/08/04 20:40:57.856, 162, 499, 42
2021/08/04 20:40:58.992, 160, 502, 55
2021/08/04 20:41:00.112, 157, 454, 94
2021/08/04 20:41:01.248, 163, 459, 23
2021/08/04 20:41:02.384, 165, 461, 138
2021/08/04 20:41:03.520, 163, 456, 107
2021/08/04 20:41:04.640, 159, 461, 44
2021/08/04 20:41:05.776, 159, 505, 50
2021/08/04 20:41:06.912, 160, 478, -14
2021/08/04 20:41:08.048, 163, 488, 22
2021/08/04 20:41:09.184, 161, 472, 93
2021/08/04 20:41:10.320, 158, 455, 42
2021/08/04 20:41:11.440, 164, 481, 52
2021/08/04 20:41:12.577, 160, 492, 129
2021/08/04 20:41:13.713, 162, 506, 56
2021/08/04 20:41:14.849, 161, 484, 69
2021/08/04 20:41:15.969, 157, 539, 125
2021/08/04 20:41:17.104, 159, 514, 95
2021/08/04 20:41:18.240, 162, 478, 128
2021/08/04 20:41:19.376, 157, 478, 114
2021/08/04 20:41:20.513, 159, 474, 95
2021/08/04 20:41:21.633, 165, 477, 74
2021/08/04 20:41:22.769, 159, 484, 144
2021/08/04 20:41:23.905, 163, 477, 126
2021/08/04 20:41:25.040, 154, 453, 124
2021/08/04 20:41:26.176, 159, 480, 107
2021/08/04 20:41:27.296, 159, 498, 129
2021/08/04 20:41:28.432, 159, 498, 63
2021/08/04 20:41:29.569, 164, 475, 31
2021/08/04 20:41:30.704, 156, 467, 22
2021/08/04 20:41:31.841, 163, 495, 103
2021/08/04 20:41:32.977, 161, 497, 118
2021/08/04 20:41:34.097, 157, 474, 131
2021/08/04 20:41:35.233, 157, 479, 83
2021/08/04 20:41:36.369, 164, 485, 165
2021/08/04 20:41:37.506, 165, 531, 119
2021/08/04 20:41:38.642, 158, 494, 88
2021/08/04 20:41:39.761, 166, 481, 107
2021/08/04 20:41:40.897, 155, 469, -2
2021/08/04 20:41:42.033, 161, 478, 63
2021/08/04 20:41:43.170, 162, 516, 39
2021/08/04 20:41:44.289, 159, 463, 44
2021/08/04 20:41:45.425, 156, 466, 62
2021/08/04 20:41:46.562, 164, 482, 66
2021/08/04 20:41:47.698, 166, 502, 173
2021/08/04 20:41:48.817, 166, 499, 89
2021/08/04 20:41:49.953, 160, 488, 59
2021/08/04 20:41:51.090, 163, 504, 42
2021/08/04 20:41:52.225, 159, 463, 128
2021/08/04 20:41:53.361, 154, 469, 97
2021/08/04 20:41:54.497, 165, 501, 108
2021/08/04 20:41:55.618, 154, 482, 70
2021/08/04 20:41:56.754, 162, 525, 49
2021/08/04 20:41:57.890, 163, 520, 66
2021/08/04 20:41:59.026, 159, 526, 100
2021/08/04 20:42:00.146, 160, 482, 6
2021/08/04 20:42:01.282, 161, 513, 21
2021/08/04 20:42:02.418, 161, 490, 126
2021/08/04 20:42:03.554, 160, 473, 23
2021/08/04 20:42:04.674, 163, 490, 30
2021/08/04 20:42:05.810, 166, 470, 46
2021/08/04 20:42:06.946, 157, 474, 45
2021/08/04 20:42:08.082, 161, 510, 58
2021/08/04 20:42:09.202, 166, 503, 7
2021/08/04 20:42:10.338, 149, 496, 163
2021/08/04 20:42:11.474, 158, 515, 93
2021/08/04 20:42:12.610, 167, 497, -4
2021/08/04 20:42:13.746, 157, 514, 39
2021/08/04 20:42:14.882, 157, 492, 102
2021/08/04 20:42:16.018, 157, 470, 68
2021/08/04 20:42:17.138, 161, 471, 38
2021/08/04 20:42:18.274, 157, 476, 48
2021/08/04 20:42:19.411, 159, 468, 82
2021/08/04 20:42:20.546, 162, 473, 150
2021/08/04 20:42:21.667, 164, 511, 89
2021/08/04 20:42:22.803, 158, 535, -22
2021/08/04 20:42:23.939, 170, 511, 78
2021/08/04 20:42:25.074, 162, 524, 57
2021/08/04 20:42:26.195, 161, 465, 114
2021/08/04 20:42:27.331, 151, 508, 99
2021/08/04 20:42:28.467, 163, 508, 22
2021/08/04 20:42:29.604, 163, 523, 65
2021/08/04 20:42:30.723, 164, 503, 110
2021/08/04 20:42:31.859, 163, 498, 173
2021/08/04 20:42:32.994, 168, 509, 108
2021/08/04 20:42:34.131, 160, 496, 51
2021/08/04 20:42:35.267, 164, 535, 49
2021/08/04 20:42:36.403, 163, 495, -55
2021/08/04 20:42:37.539, 153, 525, 65
2021/08/04 20:42:38.659, 163, 504, 75
2021/08/04 20:42:39.795, 165, 506, 20
2021/08/04 20:42:40.931, 163, 547, 48
2021/08/04 20:42:42.068, 162, 543, 102
2021/08/04 20:42:43.187, 168, 508, -62
2021/08/04 20:42:44.324, 159, 522, 75
2021/08/04 20:42:45.460, 159, 560, 42
2021/08/04 20:42:46.595, 163, 507, 76
2021/08/04 20:42:47.715, 164, 529, 62
2021/08/04 20:42:48.851, 168, 510, 35
2021/08/04 20:42:49.988, 168, 516, 79
2021/08/04 20:42:51.123, 170, 506, 36
2021/08/04 20:42:52.243, 163, 512, -5
2021/08/04 20:42:53.380, 157, 547, 59
2021/08/04 20:42:54.515, 159, 529, 66
2021/08/04 20:42:55.651, 165, 507, 61
2021/08/04 20:42:56.788, 163, 473, 50
2021/08/04 20:42:57.924, 156, 477, 133
2021/08/04 20:42:59.045, 161, 485, -15
2021/08/04 20:43:00.180, 156, 478, 130
2021/08/04 20:43:01.316, 162, 536, -12
2021/08/04 20:43:02.452, 161, 507, 86
2021/08/04 20:43:03.589, 156, 481, 134
2021/08/04 20:43:04.708, 158, 527, 183
2021/08/04 20:43:05.844, 159, 486, 156
2021/08/04 20:43:06.980, 165, 504, 65
2021/08/04 20:43:08.116, 157, 505, 107
2021/08/04 20:43:09.236, 161, 464, 102
2021/08/04 20:43:10.372, 158, 509, 179
2021/08/04 20:43:11.508, 160, 486, 131
2021/08/04 20:43:12.644, 158, 533, 38
2021/08/04 20:43:13.781, 158, 506, 124
2021/08/04 20:43:14.900, 168, 525, 72
2021/08/04 20:43:16.036, 153, 511, 182
2021/08/04 20:43:17.173, 160, 543, 67
2021/08/04 20:43:18.309, 163, 540, 39
2021/08/04 20:43:19.444, 172, 528, 147
2021/08/04 20:43:20.581, 168, 526, 171
2021/08/04 20:43:21.716, 166, 492, 121
2021/08/04 20:43:22.837, 157, 474, 58
2021/08/04 20:43:23.972, 168, 537, 97
2021/08/04 20:43:25.109, 167, 525, -11
2021/08/04 20:43:26.245, 168, 518, 93
2021/08/04 20:43:27.365, 173, 504, 90
2021/08/04 20:43:28.501, 157, 507, 88
2021/08/04 20:43:29.637, 161, 497, 39
2021/08/04 20:43:30.773, 168, 552, 45
2021/08/04 20:43:31.893, 165, 530, -22
2021/08/04 20:43:33.029, 173, 546, 30
2021/08/04 20:43:34.165, 161, 502, 25
2021/08/04 20:43:35.301, 159, 505, 96
2021/08/04 20:43:36.421, 164, 513, 26
2021/08/04 20:43:37.557, 158, 472, 90
2021/08/04 20:43:38.693, 166, 495, 31
2021/08/04 20:43:39.829, 161, 526, 82
2021/08/04 20:43:40.965, 166, 551, 139
2021/08/04 20:43:42.102, 159, 507, 93
2021/08/04 20:43:43.237, 158, 480, 129
2021/08/04 20:43:44.358, 163, 531, 106
2021/08/04 20:43:45.494, 170, 510, 102
2021/08/04 20:43:46.629, 159, 493, 114
2021/08/04 20:43:47.765, 159, 498, 76
2021/08/04 20:43:48.885, 164, 512, 87
2021/08/04 20:43:50.022, 166, 564, 53
2021/08/04 20:43:51.158, 165, 538, 6
2021/08/04 20:43:52.294, 162, 514, 106
2021/08/04 20:43:53.414, 171, 555, 70
2021/08/04 20:43:54.550, 170, 537, 33
2021/08/04 20:43:55.686, 164, 559, 81
2021/08/04 20:43:56.822, 165, 533, 35
2021/08/04 20:43:57.942, 164, 574, 26
2021/08/04 20:43:59.093, 163, 486, 58
2021/08/04 20:44:00.214, 165, 536, 19
2021/08/04 20:44:01.350, 168, 506, 93
2021/08/04 20:44:02.486, 165, 496, 59
2021/08/04 20:44:03.622, 167, 520, -17
2021/08/04 20:44:04.742, 165, 531, 12
2021/08/04 20:44:05.878, 167, 530, 55
2021/08/04 20:44:07.014, 169, 522, 60
2021/08/04 20:44:08.150, 165, 542, -7
2021/08/04 20:44:09.270, 168, 509, -30
2021/08/04 20:44:10.406, 159, 527, 66
2021/08/04 20:44:11.543, 161, 484, 109
2021/08/04 20:44:12.678, 163, 493, 73
2021/08/04 20:44:13.799, 177, 519, -8
2021/08/04 20:44:14.934, 171, 565, 77
2021/08/04 20:44:16.071, 170, 584, 101
2021/08/04 20:44:17.206, 170, 553, 156
2021/08/04 20:44:18.342, 170, 539, 87
2021/08/04 20:44:19.463, 162, 527, 132
2021/08/04 20:44:20.614, 167, 526, 156
2021/08/04 20:44:21.735, 161, 530, 75
2021/08/04 20:44:22.871, 166, 523, 71
2021/08/04 20:44:24.007, 167, 542, -6
2021/08/04 20:44:25.143, 159, 522, 72
2021/08/04 20:44:26.263, 164, 525, 103
2021/08/04 20:44:27.399, 160, 517, 74
2021/08/04 20:44:28.534, 167, 546, 119
2021/08/04 20:44:29.670, 168, 506, 87
2021/08/04 20:44:30.791, 164, 494, 31
2021/08/04 20:44:31.926, 169, 524, 29
2021/08/04 20:44:33.063, 166, 526, 53
2021/08/04 20:44:34.199, 165, 523, 109
2021/08/04 20:44:35.335, 167, 561, 180
2021/08/04 20:44:36.456, 169, 539, 184
2021/08/04 20:44:37.591, 161, 506, 127
2021/08/04 20:44:38.728, 170, 520, 59
2021/08/04 20:44:39.864, 172, 525, 94
2021/08/04 20:44:40.984, 165, 561, 157
2021/08/04 20:44:42.135, 173, 519, 75
2021/08/04 20:44:43.256, 163, 506, 31
2021/08/04 20:44:44.391, 168, 527, 15
2021/08/04 20:44:45.528, 159, 528, 80
2021/08/04 20:44:46.663, 167, 516, 50
2021/08/04 20:44:47.783, 163, 481, 59
2021/08/04 20:44:48.919, 164, 548, 91
2021/08/04 20:44:50.056, 160, 543, 134
2021/08/04 20:44:51.192, 161, 544, 136
2021/08/04 20:44:52.329, 161, 550, 89
2021/08/04 20:44:53.448, 172, 544, 53
2021/08/04 20:44:54.584, 164, 521, 145
2021/08/04 20:44:55.720, 163, 533, 104
2021/08/04 20:44:56.856, 168, 547, -7
2021/08/04 20:44:57.976, 158, 527, 133
2021/08/04 20:44:59.113, 171, 523, 47
2021/08/04 20:45:00.248, 163, 569, 51
2021/08/04 20:45:01.386, 160, 534, 80
2021/08/04 20:45:02.504, 166, 519, -6
2021/08/04 20:45:03.656, 166, 512, -11
2021/08/04 20:45:04.776, 172, 494, 25
2021/08/04 20:45:05.912, 175, 522, 114
2021/08/04 20:45:07.049, 164, 552, 49
2021/08/04 20:45:08.185, 162, 555, 104
2021/08/04 20:45:09.304, 173, 531, 28
2021/08/04 20:45:10.441, 165, 576, 47
2021/08/04 20:45:11.576, 168, 549, 109
2021/08/04 20:45:12.713, 162, 541, 106
2021/08/04 20:45:13.849, 165, 490, 117
2021/08/04 20:45:14.968, 158, 519, 110
2021/08/04 20:45:16.105, 170, 499, 18
2021/08/04 20:45:17.241, 161, 538, 88
2021/08/04 20:45:18.377, 170, 528, 153
2021/08/04 20:45:19.513, 174, 546, 107
2021/08/04 20:45:20.633, 168, 530, 68
2021/08/04 20:45:21.768, 171, 538, 77
2021/08/04 20:45:22.904, 169, 548, 95
2021/08/04 20:45:24.041, 170, 562, 138
2021/08/04 20:45:25.178, 169, 519, 95
2021/08/04 20:45:26.297, 170, 528, 80
2021/08/04 20:45:27.433, 169, 556, 137
2021/08/04 20:45:28.569, 163, 584, 210
2021/08/04 20:45:29.706, 161, 533, 111
2021/08/04 20:45:30.842, 173, 576, 72
2021/08/04 20:45:31.961, 168, 539, 28
2021/08/04 20:45:33.098, 168, 566, 52
2021/08/04 20:45:34.234, 168, 544, 128
2021/08/04 20:45:35.369, 162, 541, 101
2021/08/04 20:45:36.505, 163, 556, 64
2021/08/04 20:45:37.626, 169, 523, 76
2021/08/04 20:45:38.762, 164, 558, 126
2021/08/04 20:45:39.897, 167, 551, 81
2021/08/04 20:45:41.034, 159, 512, 115
2021/08/04 20:45:42.153, 169, 537, 51
2021/08/04 20:45:43.290, 167, 510, 62
2021/08/04 20:45:44.426, 164, 541, 88
2021/08/04 20:45:45.562, 168, 526, 127
2021/08/04 20:45:46.697, 170, 499, 39
2021/08/04 20:45:47.834, 164, 545, 95
2021/08/04 20:45:48.954, 168, 560, 111
2021/08/04 20:45:50.090, 159, 485, 93
2021/08/04 20:45:51.226, 170, 512, 117
2021/08/04 20:45:52.362, 165, 528, 50
2021/08/04 20:45:53.482, 162, 540, 66
2021/08/04 20:45:54.618, 168, 502, -19
2021/08/04 20:45:55.754, 160, 554, 49
2021/08/04 20:45:56.890, 164, 549, 58
2021/08/04 20:45:58.010, 165, 550, 36
2021/08/04 20:45:59.146, 175, 536, 75
2021/08/04 20:46:00.283, 170, 539, 82
2021/08/04 20:46:01.419, 171, 563, 83
2021/08/04 20:46:02.538, 174, 546, 30
2021/08/04 20:46:03.675, 166, 509, 76
2021/08/04 20:46:04.811, 161, 544, 82
2021/08/04 20:46:05.946, 163, 595, 8
2021/08/04 20:46:07.067, 166, 510, -7
2021/08/04 20:46:08.219, 168, 560, 62
2021/08/04 20:46:09.339, 168, 517, 20
2021/08/04 20:46:10.475, 168, 546, 72
2021/08/04 20:46:11.611, 172, 501, -2
2021/08/04 20:46:12.746, 170, 549, 120
2021/08/04 20:46:13.867, 173, 536, 74
2021/08/04 20:46:15.003, 170, 564, 30
2021/08/04 20:46:16.139, 170, 490, -19
2021/08/04 20:46:17.275, 171, 587, 42
2021/08/04 20:46:18.395, 171, 544, 74
2021/08/04 20:46:19.531, 171, 521, 17
2021/08/04 20:46:20.667, 166, 499, 31
2021/08/04 20:46:21.803, 159, 556, 116
2021/08/04 20:46:22.923, 165, 582, 40
2021/08/04 20:46:24.060, 164, 542, 71
2021/08/04 20:46:25.195, 170, 496, 55
2021/08/04 20:46:26.331, 162, 573, 74
2021/08/04 20:46:27.451, 165, 549, 57
2021/08/04 20:46:28.603, 175, 558, 43
2021/08/04 20:46:29.724, 171, 576, 58
2021/08/04 20:46:30.859, 167, 589, 56
2021/08/04 20:46:31.995, 163, 595, 34
2021/08/04 20:46:33.132, 170, 558, 59
2021/08/04 20:46:34.252, 171, 549, 23
2021/08/04 20:46:35.387, 170, 514, 50
2021/08/04 20:46:36.523, 159, 522, 109
2021/08/04 20:46:37.659, 165, 565, 143
2021/08/04 20:46:38.795, 160, 561, 18
2021/08/04 20:46:39.916, 171, 573, 13
2021/08/04 20:46:41.052, 163, 576, 106
2021/08/04 20:46:42.187, 168, 557, 54
2021/08/04 20:46:43.324, 170, 526, 143
2021/08/04 20:46:44.460, 156, 557, 142
2021/08/04 20:46:45.580, 155, 503, 113
2021/08/04 20:46:46.716, 169, 537, 46
2021/08/04 20:46:47.852, 169, 557, 69
2021/08/04 20:46:48.988, 165, 584, 47
2021/08/04 20:46:50.124, 173, 560, 56
2021/08/04 20:46:51.259, 172, 493, 36
2021/08/04 20:46:52.380, 154, 527, 83
2021/08/04 20:46:53.516, 161, 536, 199
2021/08/04 20:46:54.652, 158, 531, 83
2021/08/04 20:46:55.788, 166, 540, 45
2021/08/04 20:46:56.908, 168, 529, 57
2021/08/04 20:46:58.044, 171, 553, 164
2021/08/04 20:46:59.181, 164, 519, 0
2021/08/04 20:47:00.317, 170, 514, 174
2021/08/04 20:47:01.437, 162, 517, 39
2021/08/04 20:47:02.573, 158, 502, 42
2021/08/04 20:47:03.708, 162, 526, 46
2021/08/04 20:47:04.845, 161, 552, 103
2021/08/04 20:47:05.965, 152, 535, 138
2021/08/04 20:47:07.100, 161, 503, 25
2021/08/04 20:47:08.237, 167, 550, 31
2021/08/04 20:47:09.374, 168, 545, 24
2021/08/04 20:47:10.493, 174, 554, 4
2021/08/04 20:47:11.644, 159, 543, 121
2021/08/04 20:47:12.765, 163, 564, 58
2021/08/04 20:47:13.900, 169, 552, 48
2021/08/04 20:47:15.037, 169, 555, 46
2021/08/04 20:47:16.172, 166, 562, 91
2021/08/04 20:47:17.293, 171, 546, 49
2021/08/04 20:47:18.429, 157, 522, 66
2021/08/04 20:47:19.565, 159, 519, -26
2021/08/04 20:47:20.701, 163, 530, 163
2021/08/04 20:47:21.837, 162, 550, 187
2021/08/04 20:47:22.957, 162, 532, 107
2021/08/04 20:47:24.094, 169, 525, 27
2021/08/04 20:47:25.229, 158, 551, 25
2021/08/04 20:47:26.366, 167, 546, 150
2021/08/04 20:47:27.485, 170, 514, 44
2021/08/04 20:47:28.621, 163, 527, 110
2021/08/04 20:47:29.757, 163, 568, 111
2021/08/04 20:47:30.893, 159, 538, 81
2021/08/04 20:47:32.030, 155, 506, 106
2021/08/04 20:47:33.165, 163, 503, 135
2021/08/04 20:47:34.302, 165, 535, 97
2021/08/04 20:47:35.421, 164, 531, 37
2021/08/04 20:47:36.558, 166, 568, 56
2021/08/04 20:47:37.694, 163, 557, 105
2021/08/04 20:47:38.830, 167, 556, 53
2021/08/04 20:47:39.966, 169, 553, 169
2021/08/04 20:47:41.086, 160, 585, 77
2021/08/04 20:47:42.222, 164, 585, 99
2021/08/04 20:47:43.358, 162, 532, 111
2021/08/04 20:47:44.494, 161, 571, 46
2021/08/04 20:47:45.614, 157, 530, 230
2021/08/04 20:47:46.750, 164, 563, 161
2021/08/04 20:47:47.886, 166, 531, 110
2021/08/04 20:47:49.022, 160, 554, 110
2021/08/04 20:47:50.158, 164, 536, 141
2021/08/04 20:47:51.278, 161, 530, 22
2021/08/04 20:47:52.414, 165, 535, 2
2021/08/04 20:47:53.550, 167, 549, 72
2021/08/04 20:47:54.687, 162, 521, 0
2021/08/04 20:47:55.822, 159, 526, 54
2021/08/04 20:47:56.942, 165, 566, 82
2021/08/04 20:47:58.079, 159, 541, 76
2021/08/04 20:47:59.215, 167, 537, 131
2021/08/04 20:48:00.352, 159, 540, 80
2021/08/04 20:48:01.470, 152, 523, 113
2021/08/04 20:48:02.607, 164, 502, -38
2021/08/04 20:48:03.743, 162, 571, 121
2021/08/04 20:48:04.879, 161, 592, 143
2021/08/04 20:48:06.015, 159, 543, 137
2021/08/04 20:48:07.135, 162, 586, 67
2021/08/04 20:48:08.270, 157, 555, 130
2021/08/04 20:48:09.407, 157, 514, 119
2021/08/04 20:48:10.543, 162, 556, 132
2021/08/04 20:48:11.679, 172, 562, 44
2021/08/04 20:48:12.799, 161, 603, 109
2021/08/04 20:48:13.935, 168, 566, 135
2021/08/04 20:48:15.071, 168, 552, 109
2021/08/04 20:48:16.206, 167, 547, 46
2021/08/04 20:48:17.343, 164, 551, 61
2021/08/04 20:48:18.479, 164, 543, -11
2021/08/04 20:48:19.600, 166, 624, 10
2021/08/04 20:48:20.736, 162, 556, 21
2021/08/04 20:48:21.871, 161, 524, 120
2021/08/04 20:48:23.007, 154, 524, 15
2021/08/04 20:48:24.128, 160, 562, 3
2021/08/04 20:48:25.263, 162, 568, 18
2021/08/04 20:48:26.399, 153, 546, 41
2021/08/04 20:48:27.535, 164, 554, 96
2021/08/04 20:48:28.672, 165, 552, 137
2021/08/04 20:48:29.792, 157, 585, 117
2021/08/04 20:48:30.928, 159, 583, 178
2021/08/04 20:48:32.063, 156, 555, 145
2021/08/04 20:48:33.200, 160, 609, 84
2021/08/04 20:48:34.335, 156, 556, 107
2021/08/04 20:48:35.456, 157, 541, 123
2021/08/04 20:48:36.592, 165, 569, 136
2021/08/04 20:48:37.728, 163, 568, 94
2021/08/04 20:48:38.864, 160, 563, 66
2021/08/04 20:48:40.001, 162, 527, 109
2021/08/04 20:48:41.136, 162, 545, 73
2021/08/04 20:48:42.256, 159, 499, 89
2021/08/04 20:48:43.392, 165, 575, 58
2021/08/04 20:48:44.528, 153, 545, 64
2021/08/04 20:48:45.664, 161, 577, 107
2021/08/04 20:48:46.784, 152, 537, 139
2021/08/04 20:48:47.920, 162, 593, 50
2021/08/04 20:48:49.056, 167, 559, 16
2021/08/04 20:48:50.192, 168, 567, 132
2021/08/04 20:48:51.328, 161, 570, 153
2021/08/04 20:48:52.449, 159, 548, 192
2021/08/04 20:48:53.584, 164, 568, 48
2021/08/04 20:48:54.720, 163, 587, 60
2021/08/04 20:48:55.857, 164, 561, 33
2021/08/04 20:48:56.978, 164, 537, 2
2021/08/04 20:48:58.113, 161, 565, 101
2021/08/04 20:48:59.248, 160, 574, -25
2021/08/04 20:49:00.384, 165, 586, 27
2021/08/04 20:49:01.521, 165, 578, 136
2021/08/04 20:49:02.657, 168, 563, 4
2021/08/04 20:49:03.776, 164, 527, 86
2021/08/04 20:49:04.913, 164, 567, 49
2021/08/04 20:49:06.050, 156, 535, 146
2021/08/04 20:49:07.185, 155, 562, 136
2021/08/04 20:49:08.305, 161, 539, 60
2021/08/04 20:49:09.441, 160, 583, 124
2021/08/04 20:49:10.577, 155, 576, 135
2021/08/04 20:49:11.713, 157, 580, 22
2021/08/04 20:49:12.833, 164, 577, 59
2021/08/04 20:49:13.969, 172, 599, -14
2021/08/04 20:49:15.105, 169, 583, 92
2021/08/04 20:49:16.241, 159, 570, 55
2021/08/04 20:49:17.377, 160, 561, -21
2021/08/04 20:49:18.497, 165, 549, 60
2021/08/04 20:49:19.649, 164, 601, 53
2021/08/04 20:49:20.769, 165, 589, 66
2021/08/04 20:49:21.906, 155, 544, 103
2021/08/04 20:49:23.042, 159, 574, 168
2021/08/04 20:49:24.177, 161, 538, 93
2021/08/04 20:50:27.916, 155, 552, 88
2021/08/04 20:50:29.035, 171, 577, 47
2021/08/04 20:50:30.171, 169, 563, -25
2021/08/04 20:50:31.307, 166, 608, 63
2021/08/04 20:50:32.443, 169, 595, 160
2021/08/04 20:50:33.579, 156, 580, 91
2021/08/04 20:50:34.700, 162, 564, 44
2021/08/04 20:50:35.836, 157, 605, 83
2021/08/04 20:50:36.972, 153, 633, 120
2021/08/04 20:50:38.108, 157, 567, 84
2021/08/04 20:50:39.228, 159, 543, 126
2021/08/04 20:50:40.364, 162, 578, 109
2021/08/04 20:50:41.500, 162, 566, 30
2021/08/04 20:50:42.636, 163, 564, 30
2021/08/04 20:50:43.772, 166, 580, 117
2021/08/04 20:50:44.908, 174, 600, 27
2021/08/04 20:50:46.029, 180, 555, 16
2021/08/04 20:50:47.165, 170, 601, 15
2021/08/04 20:50:48.300, 167, 589, 57
2021/08/04 20:50:49.436, 165, 601, 92
2021/08/04 20:50:50.556, 170, 562, 90
2021/08/04 20:50:51.693, 167, 580, 120
2021/08/04 20:50:52.829, 171, 582, 6
2021/08/04 20:50:53.964, 172, 598, 112
2021/08/04 20:50:55.085, 166, 565, 59
2021/08/04 20:50:56.221, 168, 604, 61
2021/08/04 20:50:57.357, 168, 548, 140
2021/08/04 20:50:58.492, 166, 566, 0
2021/08/04 20:50:59.612, 168, 625, 149
2021/08/04 20:51:00.749, 169, 582, 90
2021/08/04 20:51:01.885, 168, 604, 78
2021/08/04 20:51:03.020, 172, 569, 90
2021/08/04 20:51:04.141, 167, 628, 95
2021/08/04 20:51:05.293, 169, 547, 34
2021/08/04 20:51:06.413, 169, 590, 74
2021/08/04 20:51:07.550, 169, 582, 21
2021/08/04 20:51:08.685, 180, 621, -4
2021/08/04 20:51:09.822, 172, 633, 126
2021/08/04 20:51:10.941, 168, 583, 102
2021/08/04 20:51:12.077, 178, 584, 6
2021/08/04 20:51:13.214, 172, 547, 30
2021/08/04 20:51:14.350, 166, 622, 9
2021/08/04 20:51:15.469, 159, 577, 50
2021/08/04 20:51:16.605, 168, 587, 9
2021/08/04 20:51:17.742, 169, 608, -7
2021/08/04 20:51:18.878, 166, 574, 5
2021/08/04 20:51:19.998, 169, 658, 19
2021/08/04 20:51:21.134, 165, 588, 69
2021/08/04 20:51:22.269, 168, 600, 22
2021/08/04 20:51:23.405, 165, 581, 43
2021/08/04 20:51:24.526, 170, 638, 150
2021/08/04 20:51:25.662, 168, 609, 127
2021/08/04 20:51:26.798, 168, 569, 90
2021/08/04 20:51:27.934, 164, 606, 92
2021/08/04 20:51:29.069, 169, 595, 104
2021/08/04 20:51:30.206, 165, 586, 95
2021/08/04 20:51:31.326, 157, 562, 104
2021/08/04 20:51:32.462, 161, 597, 21
2021/08/04 20:51:33.598, 168, 589, -11
2021/08/04 20:51:34.734, 170, 590, 72
2021/08/04 20:51:35.870, 173, 590, 94
2021/08/04 20:51:36.990, 167, 585, 12
2021/08/04 20:51:38.126, 168, 579, 114
2021/08/04 20:51:39.262, 169, 631, 62
2021/08/04 20:51:40.398, 164, 590, 170
2021/08/04 20:51:41.519, 158, 588, 145
2021/08/04 20:51:42.654, 162, 595, 139
2021/08/04 20:51:43.791, 163, 561, 81
2021/08/04 20:51:44.927, 159, 570, 17
2021/08/04 20:51:46.063, 167, 557, 113
2021/08/04 20:51:47.182, 162, 1041, 148
2021/08/04 20:51:48.334, 227, 3557, 58
2021/08/04 20:51:49.454, 171, 2403, 83
2021/08/04 20:51:50.591, 171, 2615, 83
2021/08/04 20:51:51.726, 171, 2580, 120
2021/08/04 20:51:52.862, 164, 2580, 86
2021/08/04 20:51:53.999, 159, 2650, 58
2021/08/04 20:51:55.134, 168, 2731, 132
2021/08/04 20:51:56.254, 164, 2775, 87
2021/08/04 20:51:57.391, 167, 2841, 36
2021/08/04 20:51:58.527, 476, 3633, 109
2021/08/04 20:51:59.663, 182, 2121, 117
2021/08/04 20:52:00.799, 186, 2195, 41
2021/08/04 20:52:01.919, 181, 2236, 41
2021/08/04 20:52:03.055, 167, 2223, 96
2021/08/04 20:52:04.191, 172, 2238, 148
2021/08/04 20:52:05.327, 171, 2207, 46
2021/08/04 20:52:06.463, 172, 2208, -8
2021/08/04 20:52:07.599, 171, 2216, 83
2021/08/04 20:52:08.719, 171, 2290, 138
2021/08/04 20:52:09.871, 179, 2244, 101
2021/08/04 20:52:10.991, 183, 2222, 63
2021/08/04 20:52:12.127, 177, 2257, 54
2021/08/04 20:52:13.263, 172, 1585, 23
2021/08/04 20:52:14.399, 175, 1651, 91
2021/08/04 20:52:15.535, 176, 1610, 32
2021/08/04 20:52:16.656, 169, 1638, -7
2021/08/04 20:52:17.791, 171, 1630, -16
2021/08/04 20:52:18.928, 179, 1628, 37
2021/08/04 20:52:20.064, 177, 1569, 80
2021/08/04 20:52:21.199, 171, 1645, 104
2021/08/04 20:52:22.336, 171, 1580, 56
2021/08/04 20:52:23.455, 170, 1594, 94
2021/08/04 20:52:24.592, 172, 1639, 13
2021/08/04 20:52:25.728, 177, 1567, 20
2021/08/04 20:52:26.864, 174, 1570, 32
2021/08/04 20:52:27.000, 183, 1599, -29
2021/08/04 20:52:29.136, 175, 1634, -24
2021/08/04 20:52:30.271, 171, 1071, 94
2021/08/04 20:52:31.408, 179, 873, 86
2021/08/04 20:52:32.528, 175, 869, 56
2021/08/04 20:52:33.665, 171, 988, 55
2021/08/04 20:52:34.800, 171, 982, 60
2021/08/04 20:52:35.936, 174, 961, 84
2021/08/04 20:52:37.056, 168, 974, 86
2021/08/04 20:52:38.192, 178, 871, -5
2021/08/04 20:52:39.328, 173, 878, 27
2021/08/04 20:52:40.464, 176, 895, -13
2021/08/04 20:52:41.585, 175, 872, -12
2021/08/04 20:52:42.720, 174, 850, 56
2021/08/04 20:52:43.857, 180, 805, 7
2021/08/04 20:52:44.992, 170, 851, -5
2021/08/04 20:52:46.113, 173, 914, 167
2021/08/04 20:52:47.249, 173, 934, 113
2021/08/04 20:52:48.384, 171, 842, 74
2021/08/04 20:52:49.521, 163, 813, 31
2021/08/04 20:52:50.656, 176, 829, -34
2021/08/04 20:52:51.793, 180, 873, 37
2021/08/04 20:52:52.929, 168, 835, -19
2021/08/04 20:52:54.049, 166, 825, 63
2021/08/04 20:52:55.185, 174, 853, 24
2021/08/04 20:52:56.321, 176, 864, 106
2021/08/04 20:52:57.457, 181, 864, 60
2021/08/04 20:52:58.577, 175, 843, 105
2021/08/04 20:52:59.712, 182, 823, 65
2021/08/04 20:53:00.849, 192, 901, 47
2021/08/04 20:53:01.985, 172, 857, 103
2021/08/04 20:53:03.104, 175, 813, 19
2021/08/04 20:53:04.241, 177, 820, 38
2021/08/04 20:53:05.377, 177, 846, 43
2021/08/04 20:53:06.513, 176, 822, 127
2021/08/04 20:53:07.633, 173, 830, 45
2021/08/04 20:53:08.769, 177, 810, 15
2021/08/04 20:53:09.905, 174, 861, 98
2021/08/04 20:53:11.041, 178, 818, 129
2021/08/04 20:53:12.161, 168, 781, 126
2021/08/04 20:53:13.313, 182, 832, 91
2021/08/04 20:53:14.433, 174, 800, 88
2021/08/04 20:53:15.570, 163, 849, 100
2021/08/04 20:53:16.706, 166, 821, 52
2021/08/04 20:53:17.841, 184, 806, -107
2021/08/04 20:53:18.978, 191, 849, -32
2021/08/04 20:53:20.097, 188, 874, 62
2021/08/04 20:53:21.233, 178, 803, 93
2021/08/04 20:53:22.370, 171, 865, 98
2021/08/04 20:53:23.506, 164, 806, 159
2021/08/04 20:53:24.625, 167, 757, 66
2021/08/04 20:53:25.762, 174, 796, 47
2021/08/04 20:53:26.898, 165, 781, 82
2021/08/04 20:53:28.034, 160, 776, 23
2021/08/04 20:53:29.154, 170, 852, 30
2021/08/04 20:53:30.290, 174, 809, 112
2021/08/04 20:53:31.426, 169, 829, 75
2021/08/04 20:53:32.562, 178, 818, 48
2021/08/04 20:53:33.698, 182, 796, 10
2021/08/04 20:53:34.834, 171, 799, 17
2021/08/04 20:53:35.969, 173, 804, 69
2021/08/04 20:53:37.091, 173, 755, 105
2021/08/04 20:53:38.227, 170, 778, 121
2021/08/04 20:53:39.363, 175, 813, 87
2021/08/04 20:53:40.498, 176, 805, 48
2021/08/04 20:53:41.619, 172, 807, 96
2021/08/04 20:53:42.755, 177, 809, 31
2021/08/04 20:53:43.890, 180, 839, -26
2021/08/04 20:53:45.026, 178, 830, 61
2021/08/04 20:53:46.146, 179, 793, 123
2021/08/04 20:53:47.282, 175, 784, 52
2021/08/04 20:53:48.419, 169, 861, 139
2021/08/04 20:53:49.555, 175, 824, 125
2021/08/04 20:53:50.691, 166, 832, 139
2021/08/04 20:53:51.811, 168, 859, 64
2021/08/04 20:53:52.946, 178, 850, 85
2021/08/04 20:53:54.083, 177, 787, 0
2021/08/04 20:53:55.219, 167, 795, 119
2021/08/04 20:53:56.355, 174, 801, 94
2021/08/04 20:53:57.491, 177, 809, 100
2021/08/04 20:53:58.612, 170, 800, 34
2021/08/04 20:53:59.747, 171, 813, 120
2021/08/04 20:54:00.882, 166, 835, 34
2021/08/04 20:54:02.019, 177, 826, 48
2021/08/04 20:54:03.139, 170, 834, 22
2021/08/04 20:54:04.276, 169, 803, 19
2021/08/04 20:54:05.412, 169, 806, 48
2021/08/04 20:54:06.548, 164, 810, 74
2021/08/04 20:54:07.668, 173, 804, 62
2021/08/04 20:54:08.803, 172, 832, 49
2021/08/04 20:54:09.940, 159, 780, 74
2021/08/04 20:54:11.076, 172, 797, 74
2021/08/04 20:54:12.195, 167, 793, 55
2021/08/04 20:54:13.331, 161, 825, 59
2021/08/04 20:54:14.468, 166, 801, 53
2021/08/04 20:54:15.604, 170, 756, 31
2021/08/04 20:54:16.724, 176, 818, 35
2021/08/04 20:54:17.861, 174, 827, 4
2021/08/04 20:54:18.996, 171, 803, 26
2021/08/04 20:54:20.131, 170, 810, 71
2021/08/04 20:54:21.268, 172, 821, 129
2021/08/04 20:54:22.404, 173, 799, 101
2021/08/04 20:54:23.525, 177, 774, 47
2021/08/04 20:54:24.660, 184, 798, 7
2021/08/04 20:54:25.797, 179, 812, -49
2021/08/04 20:54:26.932, 172, 796, 39
2021/08/04 20:54:28.053, 177, 829, 68
2021/08/04 20:54:29.188, 176, 811, 51
2021/08/04 20:54:30.325, 167, 835, -18
2021/08/04 20:54:31.460, 173, 803, -17
2021/08/04 20:54:32.581, 176, 852, 53
2021/08/04 20:54:33.717, 180, 816, 66
2021/08/04 20:54:34.853, 165, 765, 3
2021/08/04 20:54:35.989, 167, 815, 68
2021/08/04 20:54:37.109, 173, 778, -50
2021/08/04 20:54:38.244, 180, 773, 40
2021/08/04 20:54:39.381, 175, 779, 90
2021/08/04 20:54:40.517, 168, 801, 84
2021/08/04 20:54:41.652, 167, 811, 112
2021/08/04 20:54:42.788, 166, 735, 90
2021/08/04 20:54:43.924, 165, 786, 30
2021/08/04 20:54:45.045, 167, 787, 73
2021/08/04 20:54:46.181, 171, 842, 113
2021/08/04 20:54:47.317, 164, 820, 49
2021/08/04 20:54:48.453, 175, 802, 93
2021/08/04 20:54:49.573, 172, 751, 42
2021/08/04 20:54:50.709, 175, 769, 67
2021/08/04 20:54:51.845, 166, 837, 118
2021/08/04 20:54:52.981, 163, 796, 115
2021/08/04 20:54:54.101, 172, 822, 84
2021/08/04 20:54:55.237, 169, 768, 51
2021/08/04 20:54:56.373, 173, 757, 18
2021/08/04 20:54:57.509, 170, 751, 54
2021/08/04 20:54:58.629, 173, 799, 111
2021/08/04 20:54:59.781, 173, 794, 86
2021/08/04 20:55:00.902, 171, 805, 68
2021/08/04 20:55:02.037, 170, 833, -33
2021/08/04 20:55:03.173, 162, 819, 112
2021/08/04 20:55:04.310, 166, 789, 74
2021/08/04 20:55:05.430, 162, 754, 66
2021/08/04 20:55:06.565, 168, 833, 86
2021/08/04 20:55:07.701, 164, 742, 134
2021/08/04 20:55:08.838, 160, 731, 28
2021/08/04 20:55:09.958, 163, 713, 122
2021/08/04 20:55:11.094, 166, 745, 87
2021/08/04 20:55:12.230, 167, 766, 96
2021/08/04 20:55:13.366, 178, 727, 109
2021/08/04 20:55:14.502, 172, 794, 36
2021/08/04 20:55:15.622, 163, 739, 9
2021/08/04 20:55:16.758, 168, 787, 27
2021/08/04 20:55:17.894, 166, 804, 141
2021/08/04 20:55:19.030, 172, 786, 102
2021/08/04 20:55:20.150, 163, 752, 124
2021/08/04 20:55:21.302, 170, 732, 77
2021/08/04 20:55:22.422, 164, 762, 133
2021/08/04 20:55:23.558, 169, 771, 98
2021/08/04 20:55:24.695, 172, 793, 118
2021/08/04 20:55:25.830, 171, 807, 55
2021/08/04 20:55:26.967, 162, 769, 129
2021/08/04 20:55:28.086, 178, 768, 71
2021/08/04 20:55:29.223, 161, 743, 107
2021/08/04 20:55:30.358, 162, 748, 48
2021/08/04 20:55:31.495, 159, 723, 151
2021/08/04 20:55:32.615, 185, 735, 30
2021/08/04 20:55:33.751, 177, 704, 120
2021/08/04 20:55:34.886, 173, 743, 76
2021/08/04 20:55:36.023, 176, 760, 167
2021/08/04 20:55:37.159, 172, 788, 144
2021/08/04 20:55:38.279, 164, 784, 19
2021/08/04 20:55:39.415, 166, 771, 82
2021/08/04 20:55:40.551, 184, 769, -80
2021/08/04 20:55:41.687, 172, 742, 165
2021/08/04 20:55:42.823, 176, 737, 29
2021/08/04 20:55:43.959, 180, 777, 50
2021/08/04 20:55:45.079, 162, 780, 183
2021/08/04 20:55:46.214, 162, 756, 85
2021/08/04 20:55:47.351, 171, 734, 102
2021/08/04 20:55:48.488, 175, 778, 50
2021/08/04 20:55:49.623, 170, 782, 92
2021/08/04 20:55:50.743, 171, 788, 41
2021/08/04 20:55:51.878, 168, 736, 36
2021/08/04 20:55:53.015, 165, 730, 94
2021/08/04 20:55:54.135, 166, 805, 46
2021/08/04 20:55:55.271, 179, 733, -31
2021/08/04 20:55:56.407, 168, 745, 20
2021/08/04 20:55:57.543, 169, 804, -26
2021/08/04 20:55:58.679, 164, 754, 79
2021/08/04 20:55:59.800, 166, 757, 45
2021/08/04 20:56:00.935, 172, 766, -50
2021/08/04 20:56:02.073, 169, 740, 155
2021/08/04 20:56:03.208, 176, 766, 15
2021/08/04 20:56:04.343, 175, 769, 81
2021/08/04 20:56:05.480, 179, 775, 21
2021/08/04 20:56:06.600, 175, 747, 24
2021/08/04 20:56:07.737, 163, 712, 116
2021/08/04 20:56:08.871, 169, 704, 20
2021/08/04 20:56:10.008, 171, 781, 110
2021/08/04 20:56:11.128, 162, 777, 117
2021/08/04 20:56:12.264, 176, 794, 171
2021/08/04 20:56:13.400, 178, 808, 32
2021/08/04 20:56:14.535, 177, 780, 68
2021/08/04 20:56:15.672, 173, 789, 70
2021/08/04 20:56:16.792, 183, 817, 55
2021/08/04 20:56:17.928, 174, 752, 94
2021/08/04 20:56:19.064, 181, 708, 149
2021/08/04 20:56:20.200, 170, 714, 118
2021/08/04 20:56:21.321, 178, 794, 131
2021/08/04 20:56:22.457, 169, 786, 126
2021/08/04 20:56:23.593, 166, 759, 100
2021/08/04 20:56:24.729, 161, 807, -7
2021/08/04 20:56:25.864, 158, 779, 99
2021/08/04 20:56:27.002, 167, 802, 69
2021/08/04 20:56:28.137, 174, 749, 110
2021/08/04 20:56:29.256, 174, 735, 75
2021/08/04 20:56:30.392, 174, 687, 157
2021/08/04 20:56:31.529, 168, 728, 92
2021/08/04 20:56:32.665, 168, 790, 132
2021/08/04 20:56:33.784, 169, 772, 29
2021/08/04 20:56:34.920, 159, 730, 39
2021/08/04 20:56:36.057, 165, 731, 101
2021/08/04 20:56:37.193, 178, 760, 30
2021/08/04 20:56:38.329, 177, 842, 215
2021/08/04 20:56:39.449, 181, 822, 156
2021/08/04 20:56:40.585, 161, 760, 352
2021/08/04 20:56:41.720, 181, 776, 76
2021/08/04 20:56:42.857, 169, 791, 9
2021/08/04 20:56:43.977, 163, 765, -64
2021/08/04 20:56:45.113, 171, 784, 9
2021/08/04 20:56:46.249, 166, 756, 31
2021/08/04 20:56:47.385, 173, 752, 9
2021/08/04 20:56:48.521, 175, 798, 143
2021/08/04 20:56:49.657, 167, 763, 70
2021/08/04 20:56:50.778, 164, 763, 151
2021/08/04 20:56:51.913, 173, 776, 110
2021/08/04 20:56:53.050, 167, 753, 114
2021/08/04 20:56:54.185, 170, 697, 33
2021/08/04 20:56:55.305, 171, 728, 35
2021/08/04 20:56:56.441, 168, 765, 46
2021/08/04 20:56:57.577, 163, 727, 106
2021/08/04 20:56:58.713, 173, 788, 101
2021/08/04 20:56:59.849, 168, 768, 144
2021/08/04 20:57:00.970, 170, 824, -59
2021/08/04 20:57:02.105, 166, 786, 207
2021/08/04 20:57:03.242, 169, 749, 41
2021/08/04 20:57:04.377, 166, 706, 36
2021/08/04 20:57:05.497, 175, 772, 192
2021/08/04 20:57:06.634, 176, 822, 161
2021/08/04 20:57:07.770, 172, 803, 159
2021/08/04 20:57:08.906, 173, 790, 57
2021/08/04 20:57:10.041, 172, 765, 11
2021/08/04 20:57:11.177, 173, 794, -3
2021/08/04 20:57:12.298, 168, 826, 156
2021/08/04 20:57:13.434, 161, 832, 187
2021/08/04 20:57:14.570, 171, 835, 62
2021/08/04 20:57:15.705, 166, 794, 170
2021/08/04 20:57:16.842, 168, 836, 185
2021/08/04 20:57:17.962, 169, 815, 138
2021/08/04 20:57:19.098, 169, 845, 156
2021/08/04 20:57:20.234, 169, 814, 20
2021/08/04 20:57:21.370, 168, 806, -9
2021/08/04 20:57:22.506, 174, 797, 89
2021/08/04 20:57:23.626, 167, 817, 106
2021/08/04 20:57:24.762, 177, 804, -29
2021/08/04 20:57:25.899, 175, 814, 4
2021/08/04 20:57:27.034, 177, 860, 55
2021/08/04 20:57:28.154, 181, 851, 29
2021/08/04 20:57:29.306, 166, 785, 16
2021/08/04 20:57:30.426, 160, 741, 101
2021/08/04 20:57:31.562, 171, 756, 47
2021/08/04 20:57:32.698, 165, 727, 31
2021/08/04 20:57:33.835, 162, 730, 52
2021/08/04 20:57:34.955, 171, 730, 222
2021/08/04 20:57:36.090, 179, 761, 79
2021/08/04 20:57:37.226, 161, 784, 98
2021/08/04 20:57:38.362, 170, 751, 56
2021/08/04 20:57:39.483, 174, 768, 141
2021/08/04 20:57:40.619, 162, 813, 148
2021/08/04 20:57:41.755, 164, 793, 175
2021/08/04 20:57:42.891, 158, 769, 174
2021/08/04 20:57:44.027, 170, 816, 101
2021/08/04 20:57:45.148, 178, 771, 31
2021/08/04 20:57:46.283, 171, 757, -10
2021/08/04 20:57:47.419, 173, 780, 5
2021/08/04 20:57:48.555, 156, 718, -36
2021/08/04 20:57:49.691, 170, 803, -2
2021/08/04 20:57:50.826, 186, 923, -6
2021/08/04 20:57:51.963, 188, 947, 131
2021/08/04 20:57:53.083, 179, 913, -69
2021/08/04 20:57:54.219, 175, 922, 273
2021/08/04 20:57:55.356, 175, 898, 224
2021/08/04 20:57:56.491, 181, 894, 101
2021/08/04 20:57:57.611, 180, 885, 182
2021/08/04 20:57:58.748, 181, 860, 24
2021/08/04 20:57:59.883, 184, 877, 59
2021/08/04 20:58:01.019, 170, 874, -13
2021/08/04 20:58:02.140, 185, 897, 66
2021/08/04 20:58:03.276, 170, 884, 63
2021/08/04 20:58:04.411, 174, 898, -32
2021/08/04 20:58:05.547, 177, 921, 106
2021/08/04 20:58:06.683, 179, 890, 28
2021/08/04 20:58:07.804, 171, 861, 82
2021/08/04 20:58:08.940, 195, 863, -4
2021/08/04 20:58:10.075, 177, 862, 221
2021/08/04 20:58:11.212, 178, 887, 150
2021/08/04 20:58:12.348, 171, 827, 90
2021/08/04 20:58:13.483, 174, 859, 101
2021/08/04 20:58:14.603, 164, 876, 196
2021/08/04 20:58:15.740, 174, 876, 149
2021/08/04 20:58:16.876, 172, 860, 212
2021/08/04 20:58:18.012, 179, 827, 53
2021/08/04 20:58:19.148, 181, 864, 60
2021/08/04 20:58:20.268, 177, 880, 106
2021/08/04 20:58:21.404, 187, 894, 101
2021/08/04 20:58:22.540, 177, 847, 146
2021/08/04 20:58:23.676, 174, 851, 13
2021/08/04 20:58:24.812, 185, 849, 177
2021/08/04 20:58:25.933, 188, 915, 210
2021/08/04 20:58:27.069, 166, 848, -20
2021/08/04 20:58:28.204, 176, 857, 18
2021/08/04 20:58:29.340, 182, 911, 60
2021/08/04 20:58:30.460, 185, 905, 221
2021/08/04 20:58:31.596, 179, 882, 144
2021/08/04 20:58:32.733, 178, 817, 13
2021/08/04 20:58:33.868, 194, 843, 37
2021/08/04 20:58:35.004, 188, 806, 65
2021/08/04 20:58:36.140, 183, 874, 48
2021/08/04 20:58:37.260, 183, 909, 36
2021/08/04 20:58:38.396, 167, 879, 0
2021/08/04 20:58:39.533, 185, 893, 18
2021/08/04 20:58:40.669, 184, 866, 8
2021/08/04 20:58:41.789, 189, 917, 25
2021/08/04 20:58:42.924, 187, 886, -44
2021/08/04 20:58:44.062, 173, 926, 49
2021/08/04 20:58:45.197, 175, 872, 116
2021/08/04 20:58:46.332, 174, 891, 176
2021/08/04 20:58:47.453, 180, 827, 103
2021/08/04 20:58:48.588, 162, 816, 98
2021/08/04 20:58:49.725, 176, 869, 147
2021/08/04 20:58:50.861, 177, 889, 147
2021/08/04 20:58:51.997, 175, 902, 276
2021/08/04 20:58:53.117, 184, 963, 30
2021/08/04 20:58:54.253, 173, 896, 144
2021/08/04 20:58:55.389, 179, 885, 197
2021/08/04 20:58:56.525, 183, 883, 114
2021/08/04 20:58:57.661, 187, 879, 136
2021/08/04 20:58:58.797, 175, 879, 188
2021/08/04 20:58:59.918, 178, 872, -34
2021/08/04 20:59:01.053, 179, 862, 139
2021/08/04 20:59:02.190, 176, 898, 11
2021/08/04 20:59:03.325, 175, 925, 106
2021/08/04 20:59:04.461, 181, 911, 27
2021/08/04 20:59:05.582, 179, 905, 134
2021/08/04 20:59:06.718, 192, 913, 104
2021/08/04 20:59:07.853, 180, 886, 112
2021/08/04 20:59:08.990, 171, 851, 159
2021/08/04 20:59:10.125, 181, 840, 136
2021/08/04 20:59:11.246, 177, 839, 31
2021/08/04 20:59:12.382, 183, 884, 128
2021/08/04 20:59:13.517, 183, 889, 133
2021/08/04 20:59:14.654, 168, 871, 156
2021/08/04 20:59:15.774, 176, 901, 95
2021/08/04 20:59:16.925, 171, 918, 93
2021/08/04 20:59:18.045, 176, 881, 208
2021/08/04 20:59:19.182, 185, 881, 31
2021/08/04 20:59:20.318, 183, 892, 94
2021/08/04 20:59:21.454, 185, 934, 49
2021/08/04 20:59:22.574, 187, 884, -4
2021/08/04 20:59:23.710, 195, 886, 197
2021/08/04 20:59:24.846, 187, 892, 155
2021/08/04 20:59:25.982, 181, 906, 179
2021/08/04 20:59:27.118, 175, 876, 106
2021/08/04 20:59:28.238, 182, 865, -13
2021/08/04 20:59:29.375, 183, 869, 104
2021/08/04 20:59:30.510, 181, 863, 166
2021/08/04 20:59:31.646, 180, 914, 130
2021/08/04 20:59:32.782, 195, 884, 35
2021/08/04 20:59:33.902, 183, 876, 102
2021/08/04 20:59:35.039, 187, 889, 152
2021/08/04 20:59:36.175, 183, 900, 210
2021/08/04 20:59:37.311, 177, 904, 13
2021/08/04 20:59:38.447, 178, 897, 107
2021/08/04 20:59:39.583, 178, 923, 21
2021/08/04 20:59:40.719, 186, 903, -61
2021/08/04 20:59:41.839, 192, 919, 90
2021/08/04 20:59:42.974, 175, 841, 178
2021/08/04 20:59:44.111, 170, 874, 73
2021/08/04 20:59:45.247, 180, 870, 77
2021/08/04 20:59:46.367, 194, 848, 163
2021/08/04 20:59:47.503, 174, 903, 134
2021/08/04 20:59:48.639, 178, 880, 4
2021/08/04 20:59:49.775, 184, 915, 39
2021/08/04 20:59:50.895, 202, 899, 125
2021/08/04 20:59:52.032, 187, 901, 129
2021/08/04 20:59:53.167, 183, 873, 140
2021/08/04 20:59:54.303, 197, 899, 40
2021/08/04 20:59:55.439, 190, 855, 146
2021/08/04 20:59:56.559, 185, 876, 38
2021/08/04 20:59:57.695, 184, 912, 184
2021/08/04 20:59:58.832, 174, 875, 125
2021/08/04 20:59:59.969, 177, 896, 4
2021/08/04 21:00:01.103, 179, 895, 144
2021/08/04 21:00:02.240, 183, 900, -42
2021/08/04 21:00:03.359, 180, 893, 82
2021/08/04 21:00:04.496, 179, 899, 124
2021/08/04 21:00:05.631, 177, 853, 14
2021/08/04 21:00:06.769, 172, 887, 20
2021/08/04 21:00:07.887, 174, 865, 24
2021/08/04 21:00:09.024, 185, 874, 151
2021/08/04 21:00:10.161, 185, 830, 83
2021/08/04 21:00:11.297, 181, 853, 143
2021/08/04 21:00:12.432, 179, 880, 105
2021/08/04 21:00:13.552, 177, 865, 116
2021/08/04 21:00:14.688, 175, 879, 112
2021/08/04 21:00:15.824, 188, 854, 146
2021/08/04 21:00:16.960, 177, 840, 132
2021/08/04 21:00:18.097, 179, 881, -107
2021/08/04 21:00:19.217, 179, 893, -60
2021/08/04 21:00:20.368, 179, 884, 93
2021/08/04 21:00:21.505, 172, 829, 105
2021/08/04 21:00:22.624, 173, 906, 12
2021/08/04 21:00:23.761, 184, 839, 18
2021/08/04 21:00:24.897, 185, 836, -63
2021/08/04 21:00:26.032, 181, 850, 78
2021/08/04 21:00:27.152, 183, 876, 40
2021/08/04 21:00:28.289, 183, 831, 4
2021/08/04 21:00:29.425, 171, 853, -42
2021/08/04 21:00:30.561, 178, 882, 50
2021/08/04 21:00:31.681, 178, 934, 143
2021/08/04 21:00:32.817, 189, 880, 83
2021/08/04 21:00:33.953, 191, 859, 199
2021/08/04 21:00:35.088, 196, 843, 26
2021/08/04 21:00:36.208, 185, 860, 102
2021/08/04 21:00:37.344, 171, 800, -78
2021/08/04 21:00:38.481, 173, 883, 246
2021/08/04 21:00:39.617, 185, 870, 154
2021/08/04 21:00:40.753, 176, 885, 227
2021/08/04 21:00:41.889, 180, 851, 2
2021/08/04 21:00:43.025, 185, 860, -23
2021/08/04 21:00:44.145, 173, 858, -57
2021/08/04 21:00:45.281, 184, 896, 130
2021/08/04 21:00:46.417, 180, 877, 106
2021/08/04 21:00:47.553, 172, 875, 107
2021/08/04 21:00:48.689, 181, 846, 28
2021/08/04 21:00:49.809, 184, 851, 28
2021/08/04 21:00:50.945, 176, 849, 57
2021/08/04 21:00:52.082, 181, 884, 150
2021/08/04 21:00:53.217, 182, 846, 46
2021/08/04 21:00:54.337, 188, 836, 52
2021/08/04 21:00:55.474, 172, 818, 122
2021/08/04 21:00:56.609, 174, 876, 32
2021/08/04 21:00:57.746, 181, 833, 61
2021/08/04 21:00:58.865, 187, 780, 143
2021/08/04 21:01:00.001, 167, 830, -45
2021/08/04 21:01:01.138, 178, 846, 185
2021/08/04 21:01:02.274, 187, 824, -106
2021/08/04 21:01:03.409, 171, 845, 112
2021/08/04 21:01:04.546, 179, 855, 50
2021/08/04 21:01:05.681, 175, 843, 134
2021/08/04 21:01:06.801, 179, 892, 78
2021/08/04 21:01:07.938, 192, 897, 46
2021/08/04 21:01:09.074, 181, 885, 84
2021/08/04 21:01:10.210, 172, 830, 139
2021/08/04 21:01:11.330, 191, 835, -57
2021/08/04 21:01:12.466, 192, 900, 41
2021/08/04 21:01:13.602, 176, 878, 92
2021/08/04 21:01:14.738, 185, 847, 69
2021/08/04 21:01:15.874, 183, 829, 10
2021/08/04 21:01:16.994, 175, 836, 16
2021/08/04 21:01:18.130, 175, 855, 34
2021/08/04 21:01:19.266, 180, 869, 102
2021/08/04 21:01:20.402, 191, 925, 164
2021/08/04 21:01:21.523, 186, 886, 173
2021/08/04 21:01:22.658, 191, 894, 60
2021/08/04 21:01:23.795, 183, 870, 109
2021/08/04 21:01:24.930, 169, 870, 147
2021/08/04 21:01:26.067, 180, 841, 44
2021/08/04 21:01:27.203, 187, 896, 174
2021/08/04 21:01:28.339, 177, 851, 221
2021/08/04 21:01:29.458, 167, 867, 78
2021/08/04 21:01:30.594, 173, 889, 73
2021/08/04 21:01:31.730, 184, 895, 133
2021/08/04 21:01:32.866, 166, 840, 179
2021/08/04 21:01:33.987, 180, 852, -1
2021/08/04 21:01:35.123, 192, 860, 74
2021/08/04 21:01:36.259, 180, 845, 147
2021/08/04 21:01:37.395, 175, 865, -98
2021/08/04 21:01:38.531, 176, 853, -35
2021/08/04 21:01:39.650, 183, 847, 4
2021/08/04 21:01:40.787, 170, 839, 59
2021/08/04 21:01:41.923, 168, 881, 40
2021/08/04 21:01:43.059, 169, 827, -41
2021/08/04 21:01:44.179, 178, 827, 17
2021/08/04 21:01:45.315, 181, 836, -4
2021/08/04 21:01:46.451, 182, 850, 38
2021/08/04 21:01:47.587, 178, 895, 96
2021/08/04 21:01:48.723, 176, 896, 173
2021/08/04 21:01:49.859, 175, 829, 181
2021/08/04 21:01:50.979, 175, 819, 97
2021/08/04 21:01:52.115, 190, 862, 64
2021/08/04 21:01:53.251, 175, 887, 80
2021/08/04 21:01:54.388, 173, 864, 5
